postcode,cats_per_household,dogs_per_household
AB10,0.164463242,0.188609903
AB11,0.206144554,0.236410908
AB12,0.300305714,0.344396907
AB13,1.145815261,1.314045031
AB14,1.008731754,1.156834783
AB15,0.531662339,0.609721547
AB16,0.41826069,0.479670152
AB21,0.508543723,0.583208632
AB22,0.271464033,0.31132066
AB23,0.225437944,0.258536974
AB24,0.108360603,0.124270218
AB25,0.103616651,0.118829753
AB30,1.330842308,1.526237938
AB31,0.600470433,0.688632116
AB32,0.164172192,0.188276121
AB33,0.789062664,0.904913652
AB34,0.841308532,0.964830311
AB35,0.446560902,0.512125431
AB36,0.615475983,0.705840797
AB37,1.050657781,1.204916431
AB38,1.144688694,1.312753059
AB39,0.643130631,0.737555728
AB41,0.813079352,0.932456494
AB42,0.627777558,0.719948501
AB43,0.832829334,0.955106189
AB44,1.252946493,1.436905379
AB45,0.5617469,0.644223155
AB51,0.822505715,0.943266846
AB52,1.916481858,2.197861686
AB53,1.625249084,1.863869817
AB54,0.493080865,0.565475502
AB55,0.946611635,1.085594124
AB56,0.120153073,0.13779407
AL1,0.159562031,0.182989091
AL10,0.290958154,0.333676928
AL2,0.752996867,0.863552638
AL3,0.338097727,0.387737581
AL4,0.277482578,0.318222854
AL5,0.362910869,0.416193815
AL6,0.87395077,1.002265117
AL7,0.30642059,0.351409575
AL8,0.465872942,0.534272884
AL9,1.261791382,1.447048884
B1,0.070297232,0.080618344
B10,0.076656292,0.087911047
B11,0.107417123,0.123188215
B12,0.085244762,0.097760486
B13,0.104947225,0.120355684
B14,0.153964707,0.176569962
B15,0.10834237,0.124249308
B16,0.100592352,0.115361424
B17,0.161067351,0.184715424
B18,0.094166413,0.107992023
B19,0.033513893,0.038434437
B2,0.12773665,0.146491076
B20,0.042826451,0.049114275
B21,0.050295624,0.057680079
B23,0.125224544,0.143610139
B24,0.149743808,0.171729347
B25,0.161494219,0.185204966
B26,0.143429092,0.164487498
B27,0.301264176,0.345496091
B28,0.202314854,0.232018928
B29,0.112884754,0.129458609
B3,0.083367874,0.09560803
B30,0.119464176,0.137004028
B31,0.160655572,0.184243188
B32,0.135815188,0.155755713
B33,0.141946571,0.162787311
B34,0.117742386,0.135029444
B35,0.173241757,0.198677289
B36,0.136006762,0.155975414
B37,0.248942921,0.285492976
B38,0.151080875,0.173262724
B4,0.054350549,0.062330352
B40,1.165093703,1.336153953
B42,0.134968266,0.154784444
B43,0.256355265,0.293993607
B44,0.195511907,0.224217165
B45,0.232416132,0.266539706
B46,0.664613501,0.762192735
B47,0.576984401,0.661697842
B48,0.577957231,0.662813503
B49,0.519712763,0.596017522
B5,0.077484299,0.088860623
B50,0.523992766,0.60092592
B6,0.035382792,0.040577729
B60,0.367553877,0.421518514
B61,0.402107724,0.461145592
B62,0.268346132,0.307744986
B63,0.215501788,0.247141981
B64,0.193882846,0.222348923
B65,0.301904541,0.346230475
B66,0.131219764,0.150485584
B67,0.118670827,0.136094199
B68,0.155011374,0.177770303
B69,0.224083276,0.256983411
B7,0.056462584,0.064752478
B70,0.120395922,0.138072575
B71,0.160847759,0.184463591
B72,0.137453337,0.157634377
B73,0.173327367,0.198775469
B74,0.245586607,0.281643884
B75,0.155197236,0.177983453
B76,0.137929045,0.158179928
B77,0.16855405,0.193301328
B78,0.395098488,0.453107252
B79,0.411624875,0.47206006
B8,0.062358566,0.071514115
B80,0.324235845,0.371840484
B9,0.086296887,0.098967084
B90,0.516020376,0.591783015
B91,0.615688932,0.706085011
B92,0.410990497,0.471332542
B93,0.333581739,0.382558552
B94,0.564611192,0.647507985
B95,0.261149553,0.299491797
B96,0.719839706,0.825527308
B97,0.365039719,0.418635224
B98,0.166707588,0.191183767
BA1,0.407478671,0.467305106
BA10,0.771927454,0.885262633
BA11,0.77660139,0.890622801
BA12,0.839206404,0.962419547
BA13,0.313826709,0.359903068
BA14,0.20826038,0.238837382
BA15,0.362766239,0.416027949
BA16,0.248139559,0.284571663
BA2,0.573299514,0.657471935
BA20,0.314024929,0.36013039
BA21,0.332165154,0.380933982
BA22,0.885763867,1.015812625
BA3,0.539025834,0.618166159
BA4,0.91984185,1.054893971
BA5,0.626094796,0.718018674
BA6,0.664595375,0.762171948
BA7,2.268248141,2.601274654
BA8,0.693823469,0.795691341
BA9,1.010895744,1.159316492
BB1,0.284003984,0.32570174
BB10,0.129254487,0.148231763
BB11,0.203059679,0.232873109
BB12,0.2239076,0.256781943
BB18,0.661197756,0.758275487
BB2,0.372126242,0.426762198
BB3,0.328592282,0.376836537
BB4,0.236221909,0.270904252
BB5,0.151253329,0.173460497
BB6,0.416254745,0.477369692
AB99,0.0,0.0
B99,0.0,0.0
BB7,0.556802075,0.638552325
BB8,0.622009836,0.713333957
BB9,0.449270006,0.515232288
BD1,0.110608772,0.126848465
BD10,0.385197682,0.4417528
BD11,1.016993783,1.166309851
BD12,0.164744432,0.188932379
BD13,0.108997984,0.125001179
BD14,0.100114063,0.114812912
BD15,0.19724113,0.226200274
BD16,0.265972274,0.305022595
BD17,0.420959603,0.482765322
BD18,0.573481318,0.657680432
BD19,0.357080112,0.409506979
BD2,0.342537153,0.392828809
BD20,1.088363902,1.248158603
BD21,0.458775162,0.526133
BD22,0.174243398,0.199825992
BD23,0.772493362,0.885911628
BD24,1.738749423,1.994034393
BD3,0.371801992,0.426390341
BD4,0.364448626,0.417957346
BD5,0.107724429,0.12354064
BD6,0.1005404,0.115301844
BD7,0.105838931,0.121378311
BD8,0.154711534,0.177426439
BD9,0.239866813,0.275084304
BH1,0.222037787,0.254637602
BH10,0.296266422,0.339764561
BH11,0.261857902,0.300304148
BH12,0.239504116,0.274668355
BH13,0.185893546,0.213186626
BH14,0.274131815,0.314380128
BH15,0.24593802,0.282046892
BH16,0.252611354,0.289700011
BH17,0.292597309,0.335556745
BH18,0.362141992,0.41531205
BH19,0.291072785,0.33380839
BH2,0.212916829,0.244177496
BH20,0.963182521,1.104597965
BH21,0.906240404,1.039295547
BH22,0.337988526,0.387612347
BH23,0.432861128,0.496414242
BH24,1.182923974,1.356602082
BH25,0.392183932,0.449764778
BH3,0.4602308,0.527802357
BH31,0.793155989,0.909607963
BH4,0.145522669,0.166888456
BH5,0.186130107,0.21345792
BH6,0.19785914,0.226909021
BH7,0.207659745,0.238148562
BH8,0.2365306,0.271258264
BH9,0.293575591,0.336678659
BL0,0.167368163,0.191941328
BL1,0.153610384,0.176163618
BL2,0.323104361,0.370542874
BL3,0.145689821,0.16708015
BL4,0.156103405,0.179022666
BL5,0.260010692,0.298185728
BL6,0.33954508,0.389397436
BL7,0.219935023,0.252226108
BL8,0.288614664,0.330989365
BL9,0.307977134,0.353194652
BN1,0.393678702,0.451479012
BN10,0.371508736,0.426054029
BN11,0.42079423,0.482575669
BN12,0.336153478,0.385507876
BN13,0.603342338,0.691925677
BN14,0.888007863,1.018386086
BN15,0.544576365,0.624531624
BN16,0.623293673,0.714806288
BN17,0.274287837,0.314559057
BN18,0.577183356,0.661926007
BN2,0.352781871,0.404577666
BN20,0.713207785,0.817921682
BN21,0.223086095,0.255839823
BN22,0.325855762,0.373698238
BN23,0.481045062,0.551672591
BN24,0.454377523,0.521089696
BN25,0.374923862,0.429970567
BN26,0.491037728,0.563132389
BN27,0.354911759,0.407020266
BN3,0.251871085,0.288851055
BN41,0.330945317,0.379535047
BN42,0.626531065,0.718518997
BN43,0.720091682,0.82581628
BN44,0.626387782,0.718354678
BN45,1.823307603,2.091007491
BN5,0.639848826,0.733792085
BN6,0.331713317,0.380415805
BN7,0.546136197,0.626320472
BN8,0.978471173,1.122131311
BN9,0.411628055,0.472063707
BR1,0.147708136,0.169394796
BR2,0.123809021,0.141986788
BR3,0.110157651,0.12633111
BR4,0.117131686,0.13432908
BR5,0.226141618,0.259343962
BR6,0.277316056,0.318031883
BR7,0.150267848,0.172330328
BR8,0.236095815,0.270759644
BS1,0.302440883,0.346845563
BS10,0.247768402,0.284146013
BS11,0.281113542,0.32238692
BS13,0.307534305,0.352686806
BS14,0.814820097,0.934452818
BS15,0.275271927,0.315687632
BS16,0.310576344,0.35617548
BS2,0.319827308,0.366784681
BS20,0.560782723,0.643117416
BS21,0.327547033,0.375637824
BS22,0.369162021,0.423362766
BS23,0.444823956,0.510133465
BS24,0.509868468,0.584727878
BS25,0.867994372,0.995434194
BS26,0.907799491,1.041083541
BS27,1.44556222,1.657801144
BS28,2.940652942,3.372402617
BS29,0.443370058,0.508466104
BS3,0.287999095,0.330283417
BS30,0.424251473,0.486540509
BS31,0.28463869,0.326429634
BS32,0.472643749,0.542037788
BS34,0.315642193,0.361985103
BS35,0.323735349,0.371266505
BS36,0.376326477,0.431579116
BS37,0.206063463,0.236317912
BS39,0.596208829,0.683744819
BS4,0.624203811,0.715850053
BS40,2.116140296,2.426834179
BS41,0.359684867,0.412494167
BS48,0.766873235,0.879466348
BS49,0.468234809,0.536981523
BS5,0.256038874,0.293630764
BS6,0.27454612,0.314855262
BS7,0.209341496,0.240077228
BS8,0.286644827,0.328730314
BS9,0.21865513,0.2507583
CA1,0.612957893,0.702952998
CA10,1.082467102,1.241396029
BB94,0.0,0.0
BD97,0.0,0.0
BD98,0.0,0.0
BD99,0.0,0.0
BL11,0.0,0.0
BL78,0.0,0.0
BN50,0.0,0.0
BN88,0.0,0.0
BN99,0.0,0.0
BS98,0.0,0.0
BS99,0.0,0.0
CA11,0.787397152,0.903003607
CA12,0.831068472,0.953086795
CA13,0.642564032,0.736905941
CA14,0.353398329,0.405284633
CA15,0.284353991,0.326103135
CA16,0.818320068,0.938466657
CA17,1.127693459,1.293262566
CA18,0.779547861,0.894001875
CA19,0.919717715,1.054751611
CA2,0.318944856,0.365772666
CA20,0.688879492,0.790021484
CA21,0.702627797,0.805788329
CA22,0.740883482,0.849660753
CA23,0.677988541,0.777531513
CA24,0.543094403,0.622832079
CA25,0.526473741,0.603771154
CA26,0.504749317,0.578857128
CA27,0.690458861,0.791832738
CA28,0.34298471,0.393342076
CA3,1.130967737,1.297017577
CA4,1.295030533,1.485168241
CA5,1.584534206,1.81717714
CA6,2.002030971,2.295971207
CA7,0.748390426,0.858269874
CA8,1.395701557,1.600619888
CA9,1.555498211,1.78387805
CB1,0.326789319,0.374768861
CB10,0.603851803,0.692509942
CB11,0.521683556,0.59827767
CB2,0.261425093,0.299807793
CB21,1.0742819,1.232009068
CB22,0.381599648,0.437626499
CB23,0.806529318,0.924944777
CB24,0.692578716,0.794263831
CB25,0.855067227,0.980609072
CB3,1.133966344,1.300456443
CB4,0.354336884,0.406360988
CB5,1.265066074,1.450804369
CB6,0.296852411,0.340436586
CB7,0.336627603,0.386051612
CB8,1.556349329,1.78485413
CB9,0.339820504,0.389713299
CF10,0.111689762,0.128088167
CF11,0.186283793,0.21363417
CF14,0.371616841,0.426178006
CF15,0.306222273,0.35118214
CF23,0.297778944,0.341499153
CF24,0.146829772,0.168387469
CF3,0.230631636,0.264493208
CF31,0.507773567,0.582325401
CF32,0.226712526,0.259998691
CF33,0.41917968,0.480724069
CF34,0.445557755,0.510975
CF35,0.473047518,0.542500838
CF36,0.558922728,0.640984335
CF37,0.12659169,0.145178012
CF38,0.159054137,0.182406628
CF39,0.119330294,0.13685049
CF40,0.069440914,0.079636301
CF41,0.062671018,0.071872441
CF42,0.057765488,0.066246676
CF43,0.13580929,0.155748949
CF44,0.091403647,0.104823624
CF45,0.396951692,0.455232546
CF46,0.175029194,0.20072716
CF47,0.375620061,0.430768983
CF48,0.34108072,0.391158541
CF5,0.341797265,0.391980289
CF61,0.332285224,0.38107168
CF62,0.220377189,0.252733194
CF63,0.196083579,0.224872771
CF64,0.190389939,0.218343185
CF71,0.428489608,0.49140089
CF72,0.454199885,0.520885977
CF81,0.21244833,0.243640211
CF82,0.191059077,0.219110567
CF83,0.252202568,0.289231208
CH1,0.367043801,0.420933547
CH2,0.583409363,0.669066123
CH3,0.532003413,0.610112698
CH4,0.559209173,0.641312836
CH41,0.18716721,0.214647291
CH42,0.290389739,0.333025058
CH43,0.227467332,0.260864319
CH44,0.265358866,0.304319127
CH45,0.32970439,0.378111926
CH46,0.25328998,0.290478274
CH47,0.556903813,0.638669001
CH48,0.40349205,0.462733166
CH49,0.291759396,0.334595809
CH5,1.048966458,1.202976787
CH6,0.61405113,0.704206745
CH60,0.772343426,0.885739678
CH61,0.578451863,0.663380758
CH62,0.152570953,0.174971576
CH63,0.397168846,0.455481582
CH64,1.149431394,1.318192087
CH65,0.211527271,0.242583921
CH66,0.576692107,0.661362633
CH7,0.738767578,0.84723419
CH8,1.17360815,1.345918499
CM0,0.646615395,0.741552129
CM1,0.274592783,0.314908777
CM11,0.220745814,0.25315594
CM12,0.307553292,0.352708581
CM13,0.337749704,0.387338461
CM14,0.134351471,0.154077091
CM15,0.418928301,0.480435783
CM16,0.612712024,0.70267103
CM17,0.290638919,0.333310822
CM18,0.076302964,0.087505844
CM19,0.199935791,0.229290568
CM2,0.43880511,0.503230925
CM20,0.55313387,0.634345551
CM21,0.699060993,0.801697843
CM22,0.601493787,0.68980572
CM23,0.574991441,0.659412273
CM24,0.766500534,0.879038927
CM3,0.45825554,0.525537088
CM4,0.748915255,0.858871759
CM5,0.81683828,0.936767312
CM6,0.647594883,0.742675427
CM7,0.302477042,0.346887031
CM77,0.469924488,0.538919282
CM8,0.334668291,0.383804631
CM9,0.661441882,0.758555456
CO1,0.52739711,0.604830093
CO10,0.493331624,0.565763078
CO11,0.212305309,0.243476192
CO12,0.258629279,0.296601494
CO13,0.087853809,0.100752596
CO14,0.079161304,0.090783847
CO15,0.169130117,0.193961974
CO16,0.322877676,0.370282906
CO2,0.320803755,0.36790449
CO3,0.285882167,0.327855679
CO4,0.305442037,0.350287349
CO5,0.64471745,0.739375525
CO6,0.565792044,0.64886221
CO7,0.435619671,0.499577797
CO8,1.535842126,1.761336039
CO9,0.698101403,0.800597365
CR0,0.12253422,0.14052482
CR2,0.163456179,0.187454983
CR3,0.677867221,0.77739238
CR4,0.126716228,0.145320834
CR5,0.358878985,0.411569964
CR6,0.167214656,0.191765282
CR7,0.046205395,0.052989318
CR8,0.147129372,0.168731057
CT1,0.471123682,0.540294543
CT10,0.181884627,0.208589114
CT11,0.118494857,0.135892393
CT12,0.411227903,0.471604804
CT13,0.607500214,0.696694018
CT14,0.614439816,0.704652498
CT15,0.637970403,0.73163787
CT16,0.653106478,0.748996239
CT17,0.484245832,0.555343301
CT18,0.340286234,0.390247407
CT19,0.537315987,0.61620527
CT2,0.19176568,0.219920913
CT20,0.390230451,0.447524485
CT21,0.21649707,0.248283391
CT3,0.807944116,0.926567298
CT4,0.53402333,0.612429182
CT5,0.52085715,0.59732993
CT6,0.682559694,0.782773807
CT7,0.362971227,0.416263034
CT8,0.320340651,0.367373393
CT9,0.249190289,0.285776663
CV1,0.180230044,0.206691604
CV10,0.21248186,0.243678664
CV11,0.349959062,0.40134041
CV12,0.138588361,0.158936046
CV13,0.312609594,0.358507254
CV2,0.108547656,0.124484734
CV21,0.322248333,0.369561163
CV22,0.361725853,0.414834813
CV23,0.351691595,0.403327315
CV3,0.154472037,0.17715178
CV31,0.397166095,0.455478427
CV32,0.58918722,0.67569229
CV33,0.697729812,0.800171217
CV34,0.288508036,0.330867081
CV35,0.532418165,0.610588345
CV36,0.607483738,0.696675121
CV37,0.461591785,0.529363163
CV4,0.464988495,0.533258582
CV47,0.512589489,0.587848402
CV5,0.321739861,0.368978037
CV6,0.227934556,0.261400141
CV7,0.503815207,0.577785872
CV8,0.465967917,0.534381804
CV9,0.604556294,0.693317868
CW1,0.565202958,0.648186635
CW10,0.235968169,0.270613258
CW11,0.456605955,0.523645308
CW12,1.036191564,1.188326269
CW2,0.290183434,0.332788462
CW3,0.450183815,0.516280263
CW4,0.581933893,0.667374023
CW5,0.916435564,1.050987571
CW6,0.768852785,0.881736537
CW7,0.323058429,0.370490198
CW8,0.165251234,0.18951359
CW9,0.230471732,0.264309827
DA1,0.234504962,0.268935221
DA10,0.259166354,0.297217423
DA11,0.362354515,0.415555775
DA12,0.065538259,0.075160653
DA13,0.739847338,0.848472481
DA14,0.705300721,0.808853695
DA15,0.168704257,0.193473589
DA16,0.133042377,0.152575795
DA17,0.117995484,0.135319701
DA18,0.114264111,0.131040485
DA2,0.282800816,0.324321922
DA3,0.85107518,0.976030909
DA4,0.450116855,0.516203472
DA5,0.263839356,0.30257652
DA6,0.179343636,0.205675053
DA7,0.141800656,0.162619973
DA8,0.112900551,0.129476726
DA9,0.215027551,0.246598116
DD1,0.104910001,0.120312995
DD10,0.818331156,0.938479374
DD11,0.266299865,0.305398284
DD2,0.25060991,0.287404713
DD3,0.212090827,0.243230219
DD4,0.237854427,0.272776457
DD5,0.688419395,0.789493835
DD6,0.577858657,0.662700456
DD7,0.630131109,0.722647603
DD8,0.682031997,0.782168632
DD9,0.306388672,0.35137297
DE1,0.757814352,0.869077431
DE11,0.240474972,0.275781753
DE12,0.294997778,0.338309654
DE13,0.910271101,1.043918035
DE14,0.553710676,0.635007043
DE15,0.6101754,0.699761977
DE21,0.33685154,0.386308428
DE22,0.20458093,0.234617711
DE23,0.2967441,0.340312372
DE24,0.285088807,0.326945837
DE3,0.6198295,0.710833501
DE4,0.833920838,0.956357949
DE45,0.731112264,0.838454915
DE5,0.627400263,0.719515811
DE55,0.280238816,0.321383766
DE56,0.647855319,0.7429741
DE6,0.749624832,0.859685516
DE65,1.197568308,1.373396512
DE7,0.304139997,0.348794143
DE72,0.161654781,0.185389101
DE73,0.162918251,0.186838076
DE74,0.528429821,0.606014428
DE75,0.550324508,0.631123716
DG1,0.715485871,0.820534239
DG10,0.496503415,0.569400555
DG11,1.467063965,1.682459798
DG12,0.987454718,1.132433831
DG13,1.88643599,2.163404452
DG14,0.941267185,1.079464996
DG16,0.672455617,0.771186239
DG2,0.260920826,0.299229488
DG3,2.180124946,2.500213122
DG4,2.141649743,2.45608895
DG5,0.7641044,0.87629099
DG6,0.392163711,0.449741589
DG7,1.242679868,1.425131398
DG8,0.760807548,0.87251009
DG9,0.605340323,0.694217009
DH1,0.38109464,0.437047345
DH2,0.502339423,0.576093411
DH3,0.50040101,0.573870398
DH4,0.223065999,0.255816777
DH5,0.168954349,0.193760399
DH6,0.18217241,0.20891915
DH7,0.27554215,0.315997531
DH8,0.183891315,0.210890426
DH9,0.126012326,0.144513584
DL1,0.196107916,0.224900681
DL10,0.58398801,0.669729728
DL11,1.813191116,2.079405692
DL12,0.866451417,0.993664701
DL13,0.204425137,0.234439044
DL14,0.385999042,0.442671817
DL15,0.213685498,0.245059022
DL16,0.19406078,0.222552983
DL17,0.137971976,0.158229162
DL2,0.738437518,0.84685567
DL3,0.159081461,0.182437964
DL4,0.213277982,0.244591674
DL5,0.269849329,0.309468884
DL6,1.159847887,1.330137941
DL7,0.756660538,0.867754212
DL8,1.856077621,2.128588836
DL9,0.499397049,0.572719035
DN1,0.241758006,0.277253164
DN10,0.33481938,0.383977904
DN11,0.121421831,0.139249108
DN12,0.141053165,0.161762735
DN14,0.412275423,0.472806123
DN15,0.743388205,0.852533222
DN16,0.19139918,0.219500604
DN17,0.382050985,0.438144102
DN18,0.481614945,0.552326144
DN19,0.493884222,0.566396809
DN2,0.293983387,0.337146328
DN20,0.389996069,0.447255691
DN21,0.120482323,0.13817166
DN22,0.382147995,0.438255354
DN3,0.201951472,0.231602193
DN31,0.540892975,0.620307435
DN32,0.304108417,0.348757926
DN33,0.159395513,0.182798126
DN34,0.207441932,0.237898769
DN35,0.183281288,0.210190835
DN36,0.399876438,0.458586705
DN37,0.2767128,0.317340056
DN38,0.455257418,0.522098778
DN39,0.807990161,0.926620104
DN4,0.167549316,0.192149078
DN40,0.284229941,0.325960872
DN41,0.398195304,0.456658746
DN5,0.220407404,0.252767844
DN6,0.311672537,0.357432618
DN7,0.115680049,0.132664312
DN8,0.347709395,0.398760445
DN9,0.594084713,0.681308838
DT1,0.771774713,0.885087466
DT10,1.259300875,1.444192718
DT11,1.089455613,1.249410601
DT2,0.66753152,0.765539181
DT3,0.610003306,0.699564615
DT4,0.449549908,0.515553286
DT5,0.551800566,0.63281649
DT6,0.578095675,0.662972274
DT7,0.191995329,0.220184279
DT8,0.997433162,1.143877319
DT9,0.760734024,0.872425771
DY1,0.27994245,0.321043887
DY10,0.537981902,0.616968956
DY11,0.34148605,0.391623381
DY12,0.52927254,0.606980876
DY13,0.424334785,0.486636052
DY14,1.156178598,1.325929923
DY2,0.286300892,0.328335882
DY3,0.200142643,0.229527791
DY4,0.147529507,0.16918994
DY5,0.152392677,0.174767125
DY6,0.124049078,0.142262091
DY7,0.438245432,0.502589075
DY8,0.243667923,0.279443496
DY9,0.417970903,0.479337819
E1,0.042099462,0.048280549
E10,0.087197092,0.099999459
E11,0.225057233,0.258100366
E12,0.06998625,0.080261703
E13,0.044197134,0.050686202
E14,0.072197762,0.082797912
E15,0.075603373,0.086703538
E16,0.108207535,0.124094676
E17,0.072317178,0.08293486
E18,0.162719315,0.186609932
E1W,0.04094674,0.046958583
E2,0.052140327,0.059795624
E20,0.064221844,0.073650961
E3,0.129103852,0.148059012
E4,0.278404698,0.319280361
E5,0.036255469,0.041578534
E6,0.089858284,0.103051369
E7,0.090793004,0.104123325
E8,0.068837847,0.07894469
E9,0.044240838,0.050736323
EC1A,0.023239379,0.026651408
EC1M,0.064344977,0.073792172
EC1N,0.035872968,0.041139874
EC1R,0.071249947,0.081710938
EC1V,0.059016662,0.067681549
EC1Y,0.038436712,0.04408003
EC2A,0.161567912,0.185289478
EC2M,0.183449106,0.210383292
EC2N,0.400066436,0.4588046
EC2P,0.567534514,0.650860512
EC2R,0.309168559,0.354561004
EC2V,0.241495352,0.276951947
EC2Y,0.010457387,0.011992751
EC3A,0.186797375,0.214223156
EC3M,0.286402619,0.328452545
EC3N,0.082869229,0.095036175
EC3R,0.096505354,0.110674369
EC3V,0.181248993,0.207860155
EC4A,0.027496099,0.031533105
EC4M,0.064447008,0.073909183
EC4N,0.358233083,0.41082923
EC4R,0.172003499,0.197257229
EC4V,0.038391306,0.044027957
EC4Y,0.083090198,0.095289586
EH1,0.241803083,0.277304859
EH10,0.346252636,0.397089802
EH11,0.218163749,0.250194773
EH12,0.212007147,0.243134253
EH13,0.280754782,0.321975486
EH14,0.26294698,0.301553125
EH15,0.354844788,0.406943463
EH16,0.300634068,0.34477347
EH17,0.321128728,0.368277177
EH18,1.078764748,1.237150092
EH19,0.498120222,0.571254743
EH2,0.597221743,0.684906451
EH20,1.720072095,1.97261484
EH21,0.5316633,0.60972265
EH22,0.355410439,0.407592163
EH23,1.214989812,1.393375859
EH24,0.594995824,0.68235372
EH25,5.212125539,5.977375145
EH26,0.51085906,0.58586391
EH27,0.179482791,0.205834639
EH28,1.160879695,1.33132124
EH29,1.207931608,1.385281363
EH3,0.221506442,0.254028244
EH30,0.597906113,0.685691301
EH31,0.919247299,1.054212129
EH32,0.612259697,0.702152292
EH33,0.870044076,0.997784838
EH34,0.761087219,0.872830823
EH35,0.553217759,0.634441757
EH36,0.523570261,0.600441382
EH37,0.40954864,0.469678991
EH38,1.426383774,1.6358069
EH39,0.921860259,1.057208726
EH4,0.316583873,0.363065041
EH40,0.370341854,0.424715824
EH41,0.320992495,0.368120942
EH42,0.59595415,0.683452748
EH43,0.590331441,0.677004507
EH44,0.583421246,0.66907975
EH45,0.86329091,0.990040165
EH46,0.571253994,0.65512609
EH47,0.087642267,0.100509994
EH48,0.100102226,0.114799338
EH49,0.351218456,0.402784709
EH5,0.260770616,0.299057224
EH51,0.296575662,0.340119205
EH52,0.186675358,0.214083225
EH53,0.248301247,0.284757091
EH54,0.317518881,0.364137328
EH55,0.542892254,0.62260025
EH6,0.250104217,0.286824774
EH7,0.120218057,0.137868595
EH8,0.121773868,0.139652832
EH9,0.279349926,0.320364368
EN1,0.252878021,0.290005831
EN10,0.66854513,0.76670161
EN11,0.402089243,0.461124397
EN2,0.202073666,0.231742329
EN3,0.206864948,0.237237072
EN4,0.237785039,0.272696882
EN5,0.185129373,0.212310257
EN6,1.115381646,1.27914312
EN7,0.358657293,0.411315723
EN8,0.238280425,0.273265001
EN9,0.458235741,0.525514381
EX1,0.287597215,0.329822533
EX10,0.644082588,0.738647452
EX11,0.732788616,0.84037739
EX12,0.681208433,0.781224152
EX13,0.709931501,0.814164371
EX14,0.741308698,0.850148399
EX15,1.122376402,1.287164854
EX16,0.742318611,0.851306589
EX17,1.012963922,1.161688322
EX18,0.485994825,0.557349083
EX19,1.141837069,1.309482756
EX2,0.27718066,0.317876608
EX20,1.012882828,1.161595322
EX21,1.13950954,1.306813497
CA95,0.0,0.0
CA99,0.0,0.0
CF91,0.0,0.0
CF95,0.0,0.0
CF99,0.0,0.0
CH70,0.0,0.0
CH88,0.0,0.0
CH99,0.0,0.0
CM92,0.0,0.0
CM98,0.0,0.0
CR9,0.0,0.0
CT50,0.0,0.0
DE99,0.0,0.0
DH97,0.0,0.0
DH99,0.0,0.0
DL98,0.0,0.0
DN55,0.0,0.0
E98,0.0,0.0
EC3P,0.0,0.0
EH91,0.0,0.0
EH99,0.0,0.0
EX22,1.946335908,2.232098938
EX23,1.113297261,1.276752704
EX24,0.697779304,0.800227975
EX3,0.407753219,0.467619964
EX31,1.719408578,1.971853905
EX32,0.537000951,0.615843981
EX33,0.816956526,0.936902919
EX34,1.240168046,1.422250787
EX35,1.944737306,2.230265627
EX36,1.723099448,1.976086672
EX37,0.722802397,0.828924985
EX38,0.20434307,0.234344928
EX39,0.971334515,1.113946842
EX4,0.358391433,0.41101083
EX5,0.470204517,0.539240425
EX6,1.436920812,1.647890996
EX7,0.285069909,0.326924165
EX8,0.528785021,0.606421779
EX9,0.574678391,0.65905326
FK1,0.223507116,0.25632266
FK10,0.17072484,0.195790835
FK11,0.275150979,0.315548928
FK12,0.183750502,0.210728939
FK13,0.182175613,0.208922823
FK14,0.256408012,0.294054098
FK15,0.972626482,1.115428497
FK16,1.026797784,1.177553286
FK17,1.041054701,1.193903417
FK18,0.952037497,1.091816616
FK19,0.698975225,0.801599483
FK2,0.267116884,0.306335258
FK20,0.275791072,0.316283
FK21,0.666839529,0.764745591
FK3,0.11318004,0.129797249
FK4,0.128165934,0.146983388
FK5,0.078447603,0.089965361
FK6,0.342676352,0.392988445
FK7,0.718699103,0.824219241
FK8,0.440569902,0.505254826
FK9,0.366210084,0.419977423
FY1,0.122041175,0.139959385
FY2,0.169399646,0.194271075
FY3,0.132592273,0.152059607
FY4,0.124941991,0.143286102
FY5,0.347713803,0.3987655
FY6,0.481732954,0.552461479
FY7,0.218620958,0.250719111
FY8,0.39773592,0.456131915
G1,0.22196678,0.254556169
G11,0.256603237,0.294277987
G12,0.389275601,0.446429443
G13,0.397473958,0.455831491
G14,0.304510699,0.349219271
G15,0.128844982,0.147762134
G2,0.657896004,0.754488968
G20,0.169045896,0.193865387
G21,0.104215795,0.119516865
G22,0.108381944,0.124294692
G23,0.096326105,0.110468803
G3,0.402163703,0.46120979
G31,0.109621222,0.125715922
G32,0.083614525,0.095890895
G33,0.102714699,0.117795376
G34,0.094227558,0.108062144
G4,0.148713189,0.170547411
G40,0.126591726,0.145178053
G41,0.433499569,0.497146419
G42,0.192529427,0.220796795
G43,0.362128541,0.415296624
G44,0.153710195,0.176278083
G45,0.186303854,0.213657176
G46,0.150867893,0.173018471
G5,0.217968653,0.249971034
G51,0.360404437,0.413319385
G52,0.21757115,0.249515169
G53,0.208799084,0.239455179
G60,0.095747926,0.109805734
G61,0.553339627,0.634581517
G62,0.47672464,0.54671784
G63,0.717043295,0.822320326
G64,0.327666605,0.375774951
G65,0.328003187,0.376160951
G66,0.220828198,0.25325042
G67,0.205799813,0.236015552
G68,0.196895163,0.225803512
G69,0.121878454,0.139772773
G71,0.224840126,0.257851383
G72,0.210873661,0.241834348
G73,0.184900343,0.212047601
G74,0.133389453,0.15297383
G75,0.191575008,0.219702247
G76,0.59055603,0.67726207
G77,0.302643208,0.347077593
G78,0.073013108,0.083732967
G81,0.084931677,0.097401433
G82,0.3191651,0.366025247
G83,0.127242193,0.145924022
G84,0.350743844,0.402240414
GL1,0.165251276,0.189513637
GL10,0.698547802,0.801109305
GL11,0.793674789,0.910202934
GL12,0.525940104,0.603159169
GL13,0.94079262,1.078920755
GL14,0.440418962,0.505081725
GL15,0.774993123,0.888778406
GL16,0.452976915,0.519483449
GL17,0.354658078,0.406729339
GL18,0.543203055,0.622956684
GL19,0.78902137,0.904866295
GL2,0.746622608,0.856242504
GL20,0.862686776,0.989347331
GL3,0.479788373,0.550231392
GL4,0.419745837,0.481373351
GL5,0.719046445,0.82461758
GL50,0.650881559,0.746444656
GL51,0.518638003,0.594784965
GL52,0.501468179,0.57509425
GL53,0.32921126,0.377546395
GL54,0.685009527,0.785583326
GL55,0.816347708,0.936204714
GL56,1.244708777,1.427458193
GL6,0.409019478,0.469072136
GL7,0.63729704,0.730865644
GL8,1.151376485,1.320422759
GL9,0.52138407,0.597934213
GU1,0.535788485,0.614453498
GU10,0.649838374,0.745248309
GU11,0.261272995,0.299633363
GU12,0.307832623,0.353028924
GU14,0.383784743,0.440132412
GU15,0.434667849,0.498486227
GU16,0.358953091,0.411654951
GU17,0.456726908,0.523784021
GU18,0.368986658,0.423161657
GU19,0.502786556,0.576606192
GU2,0.475979145,0.54586289
GU20,0.806586909,0.925010825
GU21,0.39151923,0.449002484
GU22,0.27017581,0.309843299
GU23,0.445127586,0.510481673
GU24,0.624176845,0.715819129
GU25,0.52815967,0.605704613
GU26,0.908634541,1.042041194
GU27,0.535445095,0.614059692
GU28,0.733992088,0.841757558
GU29,0.875660662,1.004226057
GU3,0.85196458,0.977050891
GU30,0.883034067,1.012682032
GU31,0.846077838,0.970299852
GU32,0.688673204,0.789784908
GU33,0.23902305,0.274116658
GU34,0.470819961,0.53994623
GU35,0.57459098,0.658953016
GU4,0.35201083,0.40369342
GU46,0.678961731,0.778647587
GU47,0.385109377,0.44165153
GU5,0.288714802,0.331104204
GU51,0.501156398,0.574736693
GU52,0.292443785,0.335380681
GU6,0.824118619,0.945116558
GU7,1.222846862,1.40238649
GU8,0.919288779,1.054259699
GU9,0.564145911,0.646974391
HA0,0.077031919,0.088341824
HA1,0.121073935,0.138850134
HA2,0.078842845,0.090418633
HA3,0.127911221,0.146691277
HA4,0.271704918,0.311596912
HA5,0.382260288,0.438384134
HA6,0.355946992,0.408207494
HA7,0.501606405,0.575252771
HA8,0.128782585,0.147690576
HA9,0.075120606,0.08614989
HD1,0.291888215,0.334743542
HD2,0.250760513,0.287577429
HD3,0.218777155,0.250898241
HD4,0.322779403,0.370170205
HD5,0.152694405,0.175113153
HD6,0.484227171,0.555321899
HD7,0.183854379,0.210848067
HD8,0.365307631,0.418942471
HD9,0.251482511,0.28840543
HG1,0.385898461,0.442556467
HG2,0.332153316,0.380920406
HG3,0.507925103,0.582499186
HG4,1.143413633,1.311290793
HG5,0.444459297,0.509715266
HP1,0.307504042,0.3526521
HP10,0.487781431,0.559398
HP11,0.409096676,0.469160669
HP12,0.381552244,0.437572135
HP13,0.234297708,0.268697537
HP14,0.858894834,0.984998653
HP15,0.156864988,0.179896066
HP16,0.370183506,0.424534227
HP17,0.445188109,0.510551082
HP18,0.637985176,0.731654813
HP19,0.220941986,0.253380915
HP2,0.295912209,0.339358342
HP20,0.387312179,0.44417775
HP21,0.302252605,0.346629642
HP22,0.912444888,1.04641098
HP23,0.225393116,0.258485564
HP27,0.698272174,0.800793209
HP3,0.208511982,0.239125924
HP4,0.388161625,0.445151912
HP5,0.428945587,0.491923817
HP6,0.432597824,0.49611228
HP7,0.433763168,0.49744872
HP8,0.355567522,0.40777231
HP9,0.487153813,0.558678234
HR1,0.518820301,0.594994029
HR2,0.647288426,0.742323975
HR3,1.33247831,1.528114139
HR4,0.412317133,0.472853957
HR5,0.69226631,0.793905558
HR6,0.968664538,1.110884856
HR7,0.429974882,0.493104235
HR8,0.609247232,0.698697534
HR9,0.532023905,0.610136199
HS1,0.076993847,0.088298163
HS2,0.075664982,0.086774192
HS3,0.074813292,0.085797456
HS4,0.078548155,0.090080676
HS5,0.074720898,0.085691497
HS6,0.546537698,0.626780922
HS7,0.541948236,0.621517631
HS8,0.538794898,0.617901316
HS9,2.001494958,2.295356495
HU1,0.742988343,0.852074652
HU10,0.820284831,0.940719889
HU11,0.537219042,0.616094092
HU12,0.563369195,0.646083636
HU13,0.261380194,0.299756302
HU14,1.389737183,1.593779818
HU15,0.592162917,0.679104882
HU16,0.71304486,0.817734836
HU17,0.39812983,0.456583659
HU18,0.386684221,0.443457594
HU19,0.221120293,0.2535854
HU2,0.46473997,0.532973568
HU20,0.84603579,0.970251631
HU3,0.463801938,0.531897813
HU4,0.194293741,0.222820147
HU5,0.330367628,0.378872541
HU6,0.391479621,0.44895706
HU7,0.148483246,0.170283709
HU8,0.307067046,0.352150943
HU9,0.419949904,0.481607379
HX1,0.458088551,0.52534558
HX2,0.364719526,0.41826802
HX3,0.389607384,0.446809939
HX4,1.524214011,1.748000671
HX5,0.554109225,0.635464109
HX6,0.887296577,1.017570369
HX7,0.292291262,0.335205765
IG1,0.075341528,0.086403248
IG10,0.173915579,0.199450042
IG11,0.090697981,0.104014351
IG2,0.113916823,0.130642208
IG3,0.154637222,0.177341218
IG4,0.182763255,0.209596743
IG5,0.144535962,0.16575688
IG6,0.089819311,0.103006675
IG7,0.105404678,0.120880301
IG8,0.276933238,0.317592859
IG9,0.327764182,0.375886854
IP1,0.277000884,0.317670438
IP10,0.840886515,0.964346333
IP11,0.347039663,0.397992381
IP12,0.525566514,0.602730728
IP13,0.773848089,0.887465258
IP14,0.823836705,0.944793253
IP15,0.135866793,0.155814894
IP16,0.137217832,0.157364294
IP17,0.507541191,0.582058908
IP18,1.012085648,1.160681098
IP19,0.587393778,0.673635533
IP2,0.321623761,0.36884489
IP20,0.932723294,1.069666683
IP21,1.030031601,1.181261895
IP22,0.803285496,0.921224694
IP23,1.150304599,1.319193498
IP24,0.462693108,0.530626183
IP25,0.301170931,0.345389155
IP26,0.272391935,0.312384797
IP27,0.277470093,0.318208536
IP28,0.462277823,0.530149926
IP29,1.236870125,1.418468663
IP3,0.456978458,0.524072502
IP30,0.253803678,0.291067394
IP31,0.555545114,0.637110816
IP32,0.607605594,0.696814869
IP33,0.227386946,0.26077213
IP4,0.264434726,0.303259303
IP5,0.513107518,0.588442489
IP6,0.364551357,0.41807516
IP7,0.423810724,0.486035048
IP8,0.660605847,0.757596673
IP9,1.350184052,1.548419456
IV1,0.274555609,0.314866144
IV10,0.151907139,0.1742103
IV11,0.145828985,0.167239745
IV12,0.421599714,0.483499415
IV13,0.387799074,0.444736131
IV14,0.339821264,0.38971417
IV15,0.327839293,0.375972994
IV16,1.003573016,1.150918633
IV17,1.362604846,1.562663884
IV18,1.650934928,1.893326884
IV19,1.460272615,1.674671335
IV2,0.385964826,0.442632577
IV20,0.495966466,0.56878477
IV21,1.810281276,2.076068625
IV22,1.741887481,1.997633184
IV23,0.748262996,0.858123735
IV24,1.135434016,1.302139601
IV25,1.030191135,1.181444852
IV26,0.370863414,0.425313959
IV27,0.555454056,0.637006388
IV28,0.532203977,0.610342709
IV3,0.338473738,0.388168799
IV30,0.386951053,0.443763603
IV31,0.34798509,0.399076617
IV32,0.333359203,0.382303343
IV36,0.705955705,0.809604845
IV4,0.327731678,0.375849578
IV40,0.326333102,0.374245662
IV41,0.29721631,0.340853913
IV42,0.582532928,0.668061009
IV43,0.557212965,0.639023542
IV44,0.568472102,0.651935757
IV45,0.571615658,0.655540854
IV46,0.583442784,0.66910445
IV47,0.455732673,0.522643811
IV48,0.434854438,0.498700212
IV49,0.573527021,0.657732846
IV5,0.393521695,0.451298953
IV51,0.74781982,0.857615492
IV52,0.306816481,0.351863591
IV53,0.314616046,0.360808296
IV54,0.424556183,0.486889957
IV55,0.811296176,0.930411511
IV56,1.180919757,1.354303604
IV6,0.326624097,0.374579381
IV63,0.391186904,0.448621365
IV7,0.321745908,0.368984971
IV8,0.165702827,0.190031486
IV9,0.153644383,0.176202609
KA1,0.167505278,0.192098575
KA10,0.349048775,0.400296473
KA11,0.113777582,0.130482522
KA12,0.703782033,0.807112031
KA13,0.561839262,0.644329077
KA14,0.354792888,0.406883943
KA15,0.272894153,0.312960752
KA16,0.267345372,0.306597293
KA17,0.272625716,0.312652902
KA18,0.42603488,0.488585757
KA19,1.37335959,1.574997651
KA2,0.352776736,0.404571777
KA20,0.261843771,0.300287941
KA21,0.178216071,0.204381937
KA22,0.184224117,0.21127209
KA23,1.916967877,2.198419062
KA24,0.480994991,0.551615168
KA25,0.238801754,0.273862871
KA26,0.599365746,0.687365239
KA27,0.275101107,0.315491733
KA28,0.387364312,0.444237537
KA29,0.400431133,0.459222842
KA3,0.10815042,0.124029175
KA30,0.379310232,0.435000948
KA4,0.270985527,0.310771899
KA5,1.169540688,1.341253849
KA6,0.160182311,0.183700441
KA7,0.337269967,0.386788289
KA8,0.277865966,0.318662532
KA9,0.377865767,0.433344406
KT1,0.220904575,0.253338011
KT10,0.293163323,0.336205862
KT11,0.404553112,0.463950013
KT12,0.340855679,0.390900458
KT13,0.352362379,0.404096584
KT14,0.207817227,0.238329165
KT15,0.210841348,0.24179729
KT16,0.20491077,0.234995979
KT17,0.427542713,0.490314972
KT18,0.333818758,0.38283037
KT19,0.299894529,0.34392535
KT2,0.212439629,0.243630232
KT20,0.282963774,0.324508805
KT21,0.17601682,0.20185979
KT22,0.208492262,0.239103309
KT23,0.370164999,0.424513003
KT24,0.81706647,0.937029005
KT3,0.263948212,0.302701358
KT4,0.308062161,0.353292163
KT5,0.154279654,0.17693115
KT6,0.15217737,0.174520207
KT7,0.300209687,0.344286781
KT8,0.311100729,0.356776856
KT9,0.176250903,0.202128241
KW1,0.545600248,0.625705834
KW10,0.528259907,0.605819567
KW11,0.652754032,0.748592046
KW12,0.642496017,0.736827939
KW13,0.652754032,0.748592046
KW14,0.66780828,0.765856575
KW15,1.522611255,1.746162598
KW16,1.98340148,2.274606515
KW17,1.137988626,1.305069281
KW2,0.533676424,0.612031343
KW3,0.529643907,0.607406768
KW5,0.550480371,0.631302462
KW6,0.523135846,0.599943187
KW7,0.53256565,0.610757484
KW8,0.547429899,0.627804117
KW9,0.535998677,0.614694551
KY1,0.58203913,0.667494711
KY10,0.565060787,0.64802359
KY11,0.154405978,0.177076021
KY12,0.12925597,0.148233463
KY13,0.866101425,0.993263322
KY14,0.865215688,0.992247541
KY15,0.870030591,0.997769373
KY16,0.512723156,0.588001694
KY2,0.25498586,0.292423144
KY3,0.860547999,0.986894536
KY4,0.553808296,0.635118997
KY5,0.25660326,0.294278013
KY6,0.372328218,0.426993828
KY7,0.274875535,0.315233042
KY8,0.386636237,0.443402565
KY9,0.53944625,0.6186483
L1,0.160482207,0.184044369
L10,0.322620673,0.369988171
L11,0.120205052,0.13785368
L12,0.190395139,0.218349148
L13,0.151757642,0.174038854
L14,0.255159016,0.292621724
L15,0.142876758,0.16385407
L16,0.181674633,0.208348288
L17,0.211966557,0.243087704
L18,0.47406075,0.543662834
L19,0.591850311,0.67874638
L2,0.286856424,0.328972978
L20,0.10412877,0.119417062
L21,0.081698234,0.093693252
L22,0.049760998,0.057066959
L23,0.057889172,0.06638852
L24,0.211625365,0.242696418
L25,0.180957861,0.207526279
L26,0.167937489,0.192594243
L27,0.155044114,0.177807849
L28,0.086956915,0.099724018
L29,0.240845463,0.276206641
L3,0.095046776,0.109001641
L30,0.16501316,0.189240561
L31,0.203696835,0.233603813
L32,0.262598819,0.301153846
L33,0.224138083,0.257046266
L34,0.168341173,0.193057197
L35,0.133739018,0.153374718
L36,0.157505156,0.180630224
L37,0.433610631,0.497273788
L38,0.686645567,0.787459572
L39,0.228842105,0.262440937
L4,0.10962615,0.125721574
L40,0.648427867,0.74363071
L5,0.141104013,0.161821049
L6,0.138742914,0.159113291
L7,0.148435912,0.170229425
L8,0.127577689,0.146308776
L9,0.180606546,0.207123384
LA1,0.449232281,0.515189025
LA10,0.920680414,1.055855655
LA11,0.580682758,0.665939194
LA12,0.532115937,0.610241743
LA13,0.394210058,0.452088382
LA14,0.210050932,0.240890824
LA15,0.182106624,0.208843705
LA16,0.249073093,0.28564226
LA17,2.301637496,2.639566268
LA18,0.893368951,1.024534295
FY0,0.0,0.0
G58,0.0,0.0
G70,0.0,0.0
G79,0.0,0.0
G90,0.0,0.0
GU95,0.0,0.0
IP98,0.0,0.0
IV99,0.0,0.0
KY99,0.0,0.0
L67,0.0,0.0
L69,0.0,0.0
L70,0.0,0.0
L71,0.0,0.0
L72,0.0,0.0
L74,0.0,0.0
L75,0.0,0.0
LA19,0.860767261,0.987145991
LA2,0.768956699,0.881855709
LA20,2.292833937,2.629470161
LA21,0.817208557,0.937191953
LA22,0.576806267,0.661493553
LA23,0.436951598,0.501105279
LA3,0.252607507,0.289695599
LA4,0.191186697,0.219256923
LA5,0.737202973,0.845439868
LA6,2.009817993,2.304901528
LA7,0.515455914,0.591135678
LA8,0.584212216,0.669986851
LA9,0.637532719,0.731135925
LD1,0.904909255,1.037768958
LD2,0.538067048,0.617066602
LD3,1.052203203,1.206688754
LD4,0.481365674,0.552040275
LD5,0.596283171,0.683830077
LD6,0.507545291,0.58206361
LD7,1.166965336,1.338300381
LD8,0.452690719,0.519155234
LE1,0.121580471,0.13943104
LE10,0.266865126,0.306046536
LE11,0.118148023,0.135494637
LE12,0.42139558,0.48326531
LE13,0.475746002,0.545595517
LE14,0.538637461,0.617720764
LE15,1.114012301,1.277572727
LE16,0.76264302,0.874615049
LE17,0.312108953,0.357933108
LE18,0.363556518,0.416934258
LE19,0.304434252,0.349131601
LE2,0.226157115,0.259361735
LE3,0.184357995,0.211425625
LE4,0.084137103,0.096490198
LE5,0.090746062,0.104069492
LE6,0.155462889,0.17828811
LE65,0.316350578,0.362797494
LE67,0.204597756,0.234637008
LE7,0.114443616,0.131246345
LE8,0.348469912,0.399632621
LE9,0.230904985,0.264806691
LL11,0.335401345,0.384645314
LL12,0.682038525,0.782176119
LL13,0.717332038,0.822651461
LL14,0.262833988,0.301423544
LL15,1.569302073,1.799708609
LL16,1.681020935,1.927830149
LL17,0.332055294,0.380807992
LL18,0.322863373,0.370266504
LL19,0.338588033,0.388299874
LL20,0.569007145,0.652549356
LL21,0.752940263,0.863487722
LL22,0.496142428,0.568986566
LL23,3.868963028,4.437008138
LL24,1.146644852,1.314996423
LL25,1.148048808,1.316606509
LL26,1.103310874,1.265300105
LL27,1.18067987,1.354028497
LL28,0.415002495,0.475933586
LL29,0.54605728,0.626229968
LL30,0.573559986,0.657770649
LL31,0.855479044,0.981081353
LL32,0.788906965,0.904735093
LL33,0.995186133,1.141300379
LL34,1.037963743,1.190358642
LL35,0.834588452,0.957123582
LL36,1.485284613,1.703355619
LL37,2.699984064,3.096398487
LL38,1.05037322,1.204590091
LL39,0.969419679,1.111750869
LL40,1.073809952,1.231467828
LL41,1.101156599,1.262829537
LL42,1.064680339,1.220997796
LL43,0.991795139,1.137411516
LL44,0.99907388,1.14575893
LL45,1.082906248,1.241899651
LL46,1.082671293,1.2416302
LL47,0.234772356,0.269241873
LL48,0.237600409,0.272485144
LL49,0.236299541,0.270993281
LL51,0.246982992,0.283245288
LL52,0.234766169,0.269234778
LL53,0.236226492,0.270909507
LL54,0.365637544,0.419320823
LL55,0.403091895,0.46227426
LL56,0.3703532,0.424728836
LL57,0.546726103,0.626996989
LL58,0.575271219,0.659733128
LL59,0.59973436,0.687787973
LL60,0.8688025,0.996360972
LL61,0.640192349,0.734186045
LL62,1.162789067,1.333510948
LL63,1.218449121,1.397343068
LL64,1.181081392,1.354488971
LL65,0.829596975,0.951399252
LL66,0.851209484,0.976184932
LL67,0.747569102,0.857327962
LL68,0.80578901,0.924095777
LL69,0.846216159,0.970458481
LL70,0.79872177,0.915990918
LL71,0.8708885,0.998753241
LL72,0.778584698,0.8928973
LL73,0.858287229,0.984301839
LL74,0.575595763,0.660105322
LL75,0.628212853,0.720447707
LL76,0.501429384,0.57504976
LL77,0.596315942,0.683867659
LL78,0.585221744,0.6711446
LN1,0.444709818,0.510002569
LN10,0.494376717,0.566961612
LN11,0.644853472,0.739531519
LN12,0.337053114,0.386539597
LN13,0.535843749,0.614516877
LN2,0.264729034,0.303596822
LN3,0.418965552,0.480478503
LN4,0.566154892,0.649278332
LN5,0.222309013,0.25494865
LN6,0.282837314,0.324363778
LN7,0.268724861,0.30817932
LN8,0.755096217,0.865960216
LN9,0.344518489,0.395101046
LS1,0.128552753,0.147427
LS10,0.114841654,0.131702823
LS11,0.107254845,0.123002111
LS12,0.436137812,0.500172012
LS13,0.26404411,0.302811337
LS14,0.092804704,0.106430386
LS15,0.129209659,0.148180353
LS16,0.623681096,0.715250593
LS17,0.664054525,0.76155169
LS18,0.59260842,0.679615795
LS19,0.272950768,0.313025679
LS2,0.10394305,0.119204075
LS20,0.36916162,0.423362307
LS21,0.792974531,0.909399864
LS22,0.529664481,0.607430362
LS23,0.660481892,0.757454519
LS24,0.367395939,0.421337387
LS25,0.370276615,0.424641007
LS26,0.300612041,0.344748209
LS27,0.788486378,0.904252755
LS28,0.430782246,0.494030137
LS29,0.466288262,0.534749181
LS3,0.113034399,0.129630226
LS4,0.094018626,0.107822537
LS5,0.190529464,0.218503194
LS6,0.323135118,0.370578147
LS7,0.286779413,0.32888466
LS8,0.152429179,0.174808987
LS9,0.074510002,0.085449636
LU1,0.20244866,0.23217238
LU2,0.239242897,0.274368783
LU3,0.252602954,0.289690378
LU4,0.138081776,0.158355084
LU5,0.216065204,0.247788118
LU6,0.162011469,0.185798159
LU7,0.429701329,0.492790518
M1,0.071139345,0.081584096
M11,0.07113945,0.081584217
M12,0.059699106,0.06846419
M13,0.087599481,0.100460926
M14,0.176211804,0.202083401
M15,0.157803953,0.180972891
M16,0.296888543,0.340478023
M17,0.711048296,0.815445135
M18,0.104512928,0.119857624
M19,0.109051814,0.125062912
M2,1.020903468,1.17079356
M20,0.143119349,0.164132279
M21,0.193911015,0.222381228
M22,0.192834399,0.221146543
M23,0.172827047,0.198201691
M24,0.117376721,0.134610091
M25,0.083196143,0.095411086
M26,0.183187224,0.210082959
M27,0.285413457,0.327318153
M28,0.14763834,0.169314752
M29,0.182312978,0.209080356
M3,0.073923212,0.084776694
M30,0.154470969,0.177150555
M31,0.396215178,0.454387895
M32,0.177185144,0.203199648
M33,0.211216535,0.242227563
M34,0.206154432,0.236422237
M35,0.050332388,0.057722241
M38,0.129732412,0.148779858
M4,0.039674184,0.045499188
M40,0.058423317,0.067001089
M41,0.211208648,0.242218518
M43,0.109030905,0.125038934
M44,0.251721098,0.288679047
M45,0.123026767,0.141089683
M46,0.157125833,0.180195209
M5,0.108236282,0.124127644
M50,0.070109063,0.080402547
M6,0.088388493,0.101365782
M7,0.080364592,0.092163804
M8,0.071345317,0.081820309
M9,0.065202423,0.07477551
M90,0.262391962,0.300916619
ME1,0.399473813,0.458124968
ME10,0.30862412,0.353936629
ME11,0.442390448,0.507342666
ME12,0.186653059,0.214057652
ME13,0.546781282,0.627060269
ME14,0.699623237,0.802342637
ME15,0.345357456,0.396063191
ME16,0.253171001,0.290341826
ME17,0.425939571,0.488476455
ME18,0.453383212,0.519949399
ME19,0.299388284,0.343344778
ME2,0.262422794,0.300951978
ME20,0.457888563,0.52511623
ME3,0.231962835,0.266019856
ME4,0.26160321,0.300012061
ME5,0.410804724,0.471119494
ME6,0.276270013,0.316832259
ME7,0.188486091,0.216159811
ME8,0.294662786,0.337925478
ME9,0.328223628,0.376413757
MK1,0.486979129,0.558477903
MK10,0.605578449,0.694490097
MK11,0.617628222,0.70830903
MK12,0.174272867,0.199859788
MK13,0.110562425,0.126795313
MK14,0.451587568,0.517890117
MK15,1.282738914,1.471071954
MK16,0.787862931,0.903537772
MK17,0.433111116,0.496700933
MK18,0.677599728,0.777085614
MK19,0.191304705,0.219392258
MK2,0.227945921,0.261413175
MK3,0.223373628,0.256169572
MK4,0.227230249,0.260592427
MK40,0.172992145,0.198391029
MK41,0.415593167,0.476610981
MK42,0.143808308,0.164922391
MK43,0.176470963,0.20238061
MK44,0.332987873,0.381877493
MK45,0.570846309,0.654658548
MK46,0.112142593,0.128607483
MK5,0.136716458,0.156789309
MK6,0.31069436,0.356310824
MK7,0.495104517,0.567796268
MK8,0.164770238,0.188961973
MK9,0.176790315,0.20274685
ML1,0.224676698,0.257663961
ML10,0.892092325,1.023070233
ML11,1.052652838,1.207204404
ML12,1.452015301,1.665201673
ML2,0.105198256,0.120643572
ML3,0.198463155,0.227601719
ML4,0.219322855,0.251524062
ML5,0.179223513,0.205537293
ML6,0.158116066,0.181330829
ML7,0.10566375,0.12117741
ML8,0.717054548,0.822333231
ML9,0.280415305,0.321586168
N1,0.145477665,0.166836845
N10,0.320095574,0.367092334
N11,0.165151902,0.189399674
N12,0.163600605,0.187620614
N13,0.101672926,0.116600649
N14,0.183639825,0.210602012
N15,0.063988717,0.073383606
N16,0.058982875,0.067642802
N17,0.066537038,0.076306074
N18,0.077283289,0.0886301
N19,0.206392094,0.236694792
N1C,0.089678501,0.10284519
N2,0.262620191,0.301178356
N20,0.220960115,0.253401705
N21,0.166332085,0.190753131
N22,0.122848191,0.140884888
N3,0.229847706,0.263594181
N4,0.166218717,0.190623119
N5,0.126010527,0.144511521
N6,0.313168622,0.359148359
N7,0.182250639,0.209008864
N8,0.321503326,0.368706774
N9,0.091019415,0.104382979
NE1,0.381877092,0.437944677
NE10,0.402102488,0.461139586
NE11,0.236433931,0.271147402
NE12,0.191230736,0.219307428
NE13,0.37877376,0.434385711
NE15,0.200480948,0.229915766
NE16,0.292762803,0.335746537
NE17,0.150331827,0.1724037
NE18,0.226948574,0.260269396
NE19,0.434759933,0.498591831
NE2,0.427570449,0.49034678
NE20,0.401628942,0.460596514
NE21,0.137992235,0.158252396
NE22,0.563726254,0.64649312
NE23,0.668956996,0.767173947
NE24,0.643009877,0.737417245
NE25,0.44847653,0.514322314
NE26,0.20706115,0.237462079
NE27,0.215443391,0.24707501
NE28,0.12595173,0.144444092
NE29,0.347595785,0.398630154
NE3,0.286771037,0.328875054
NE30,0.229226525,0.262881798
NE31,0.110155265,0.126328374
NE32,0.119892151,0.13749484
NE33,0.206671643,0.237015385
NE34,0.170903814,0.195996087
NE35,0.115944149,0.132967187
NE36,0.327751787,0.37587264
NE37,0.419650484,0.481263998
NE38,0.202842061,0.232623539
NE39,0.125146617,0.143520771
NE4,0.274115284,0.314361171
NE40,0.166052163,0.190432111
NE41,0.254001967,0.291294795
NE42,0.251373633,0.288280568
NE43,0.987905714,1.132951042
NE44,1.023104154,1.173317353
NE45,0.274549409,0.314859034
NE46,0.69870402,0.801288459
NE47,0.720605296,0.826405303
NE48,0.299974136,0.344016646
NE49,1.805546107,2.070638235
NE5,0.176319432,0.202206832
NE6,0.283011595,0.324563647
NE61,0.373461252,0.428293215
NE62,0.389455645,0.446635921
NE63,0.531236788,0.609233517
NE64,0.317776712,0.364433014
NE65,0.610399792,0.700019314
NE66,0.913005824,1.047054273
NE67,0.398308676,0.456788764
NE68,0.342983026,0.393340145
NE69,0.354067879,0.406052487
NE7,0.256326969,0.293961157
NE70,0.37962215,0.435358663
NE71,0.92707534,1.063189491
NE8,0.192941594,0.221269476
NE9,0.437253144,0.501451098
NG1,0.271831346,0.311741902
NG10,0.142777732,0.163740505
NG11,0.329018425,0.377325247
NG12,0.8470616,0.971428051
NG13,0.700908138,0.803816188
NG14,0.99383523,1.139751135
NG15,0.503032141,0.576887834
NG16,0.314389388,0.360548359
NG17,0.162373233,0.186213037
NG18,0.121463715,0.139297142
NG19,0.263780625,0.302509166
NG2,0.223160615,0.255925285
NG20,0.213796364,0.245186165
NG21,0.322422263,0.36976063
NG22,0.508805753,0.583509135
NG23,0.690167651,0.791498772
NG24,0.394938677,0.452923978
NG25,1.280589401,1.468606847
NG3,0.284549813,0.326327708
NG31,0.390916418,0.448311166
NG32,0.498708259,0.571929116
NG33,0.477601603,0.547723559
NG34,0.851781077,0.976840447
NG4,0.267387423,0.306645518
NG5,0.140993947,0.161694822
NG6,0.09454725,0.108428774
NG7,0.340459308,0.390445892
NG8,0.66958786,0.767897435
NG9,0.240909747,0.276280363
NN1,0.481198879,0.55184899
NN10,0.147427716,0.169073205
NN11,0.548788947,0.629362702
NN12,0.933114986,1.070115883
NN13,0.476534035,0.54649925
NN14,0.70198905,0.8050558
NN15,0.270027817,0.309673577
NN16,0.432972025,0.496541421
NN17,0.174436174,0.200047071
NN18,0.129692488,0.148734071
NN2,0.248270301,0.284721601
NN29,0.249767542,0.286438668
NN3,0.31952996,0.366443676
NN4,0.203567139,0.233455075
NN5,0.285564926,0.327491861
NN6,0.446532953,0.512093378
NN7,0.331812032,0.380529014
NN8,0.303836288,0.348445843
NN9,0.212089579,0.243228788
NP10,0.188238156,0.215875475
NP11,0.313706084,0.359764732
NP12,0.259596059,0.297710218
NP13,0.135068982,0.154899949
NP15,1.157770937,1.327756051
NP16,0.708536028,0.812564013
NP18,0.584411295,0.670215159
NP19,0.25813363,0.296033074
NP20,0.276334082,0.316905734
NP22,0.358745654,0.411417058
NP23,0.20125628,0.230804933
NP24,0.212455253,0.243648151
NP25,0.861033793,0.987451655
NP26,0.468753793,0.537576705
NP4,0.319517329,0.36642919
NP44,0.333433904,0.382389011
NP7,0.799008778,0.916320065
NP8,0.938209666,1.075958569
NR1,0.583277297,0.668914667
NR10,0.470583086,0.539674576
NR11,0.343864224,0.394350721
NR12,0.540604789,0.619976937
NR13,0.392650504,0.450299852
NR14,1.587804001,1.820927009
NR15,1.781093796,2.04259581
NR16,0.941145271,1.079325183
NR17,0.582802276,0.668369903
NR18,0.321666321,0.368893699
NR19,0.330357275,0.378860668
NR2,0.233592153,0.267888392
NR20,0.631025147,0.723672905
NR21,0.928226673,1.064509863
NR22,0.741445628,0.850305434
NR23,0.737992536,0.846345355
NR24,0.377407006,0.432818288
NR25,0.394519524,0.452443285
NR26,0.439837265,0.504414622
NR27,0.442470952,0.507434989
NR28,0.312874386,0.358810923
NR29,0.300025041,0.344075024
NR3,0.278059389,0.318884353
NR30,0.273098639,0.313195261
NR31,0.123873672,0.142060931
NR32,0.23785292,0.272774729
NR33,0.708901205,0.812982806
NR34,0.750044233,0.860166495
NR35,0.992525836,1.138249495
NR4,0.339974268,0.389889638
NR5,0.383234686,0.439501595
NR6,0.261070003,0.299400568
NR7,0.391145009,0.44857332
NR8,0.708517613,0.812542893
NR9,0.428525952,0.491442571
NW1,0.215537299,0.247182706
NW10,0.134878333,0.154681307
NW11,0.215125282,0.246710196
NW2,0.164535312,0.188692554
NW3,0.340929928,0.390985609
NW4,0.238117138,0.27307774
NW5,0.22265148,0.255341398
NW6,0.169356844,0.194221989
NW7,0.147471505,0.169123422
NW8,0.169706083,0.194622504
NW9,0.085726575,0.098313038
OL1,0.213531541,0.24488246
OL10,0.101495605,0.116397294
OL11,0.215254917,0.246858864
OL12,0.177885456,0.20400278
OL13,0.176420137,0.202322322
OL14,0.565057203,0.64801948
OL15,0.330718199,0.379274583
OL16,0.167363449,0.191935922
OL2,0.259071515,0.29710866
OL3,0.228661115,0.262233373
OL4,0.137693536,0.157909841
OL5,0.251958998,0.288951876
OL6,0.26607474,0.305140106
OL7,0.289290829,0.331764804
OL8,0.108764732,0.124733682
OL9,0.151213211,0.17341449
OX1,0.88181209,1.011280644
OX10,1.152101189,1.321253865
OX11,0.632916306,0.725841725
OX12,0.709706637,0.813906491
OX13,0.50840052,0.583044405
OX14,0.577935708,0.662788821
OX15,1.296785135,1.487180455
OX16,0.644370514,0.738977652
OX17,1.169647525,1.341376372
OX18,0.614890869,0.705169775
OX2,0.371712136,0.426287293
OX20,0.240366314,0.275657142
OX25,1.422417589,1.631258395
OX26,0.576167353,0.660760833
OX27,1.018044617,1.16751497
OX28,0.390388287,0.447705495
LE87,0.0,0.0
LE95,0.0,0.0
LS98,0.0,0.0
LS99,0.0,0.0
M60,0.0,0.0
M61,0.0,0.0
M99,0.0,0.0
MK77,0.0,0.0
N81,0.0,0.0
NE85,0.0,0.0
NE92,0.0,0.0
NE98,0.0,0.0
NE99,0.0,0.0
NG80,0.0,0.0
NG90,0.0,0.0
NR99,0.0,0.0
OX29,0.52831696,0.605884997
OX3,0.456562944,0.523595982
OX33,0.707840285,0.81176612
OX39,1.212164697,1.390135958
OX4,0.156978223,0.180025926
OX44,0.384840721,0.441343429
OX49,0.550236656,0.631022965
OX5,0.15797033,0.181163695
OX7,1.129162709,1.294947533
OX9,0.576829207,0.661519861
PA1,0.284533735,0.32630927
PA10,0.568055532,0.651458026
PA11,0.240898726,0.276267723
PA12,0.224912832,0.257934764
PA13,0.230620304,0.264480213
PA14,0.202648279,0.232401307
PA15,0.195830948,0.224583048
PA16,0.202068969,0.231736942
PA17,0.383023972,0.439259944
PA18,0.269026775,0.308525561
PA19,0.197366848,0.22634445
PA2,0.292093538,0.33497901
PA20,0.480162335,0.550660261
PA21,0.324290089,0.371902692
PA22,0.330601275,0.379140493
PA23,0.33004857,0.378506639
PA24,0.29000689,0.332585999
PA25,0.32840382,0.376620405
PA26,0.315310348,0.361604536
PA27,0.324239887,0.371845119
PA28,1.0737467,1.231395289
PA29,0.49179146,0.563996786
PA3,0.311825665,0.357608229
PA30,0.351948733,0.403622207
PA31,0.383399681,0.439690815
PA32,0.377396193,0.432805888
PA33,0.397391946,0.455737438
PA34,0.407219226,0.467007569
PA35,0.395814777,0.453928707
PA36,0.331001157,0.379599085
PA37,0.384172561,0.440577169
PA38,0.365433743,0.419087099
PA4,0.122511761,0.140499063
PA41,1.020783868,1.1706564
PA42,0.722520411,0.828601597
PA43,0.697034759,0.799374115
PA44,0.719051886,0.82462382
PA45,0.693593909,0.795428076
PA46,0.684404124,0.784889038
PA47,0.713064848,0.817757759
PA48,0.711359405,0.81580192
PA49,0.710450107,0.814759119
PA5,0.199546525,0.22884415
PA6,0.214016256,0.245438342
PA60,0.685781519,0.786468664
PA61,0.620779072,0.711922491
PA62,0.368808392,0.422957217
PA63,0.368808392,0.422957217
PA64,0.368808392,0.422957217
PA65,0.375346753,0.430455547
PA66,0.392701845,0.450358731
PA67,0.375572059,0.430713933
PA68,0.36914559,0.423343924
PA69,0.357979583,0.410538512
PA7,0.085260002,0.097777963
PA70,0.370084251,0.424420399
PA71,0.36460241,0.418133709
PA72,0.354888724,0.40699385
PA73,0.374619889,0.429621964
PA74,0.360648547,0.413599336
PA75,0.364390564,0.41789076
PA76,0.3645442,0.418066953
PA77,2.805646386,3.21757426
PA78,1.033987864,1.185799021
PA8,0.072201742,0.082802476
PA80,0.317083266,0.363637756
PA9,0.540272923,0.619596346
PE1,0.523103533,0.599906129
PE10,0.366638484,0.420468721
PE11,0.314322144,0.360471243
PE12,0.218685971,0.250793669
PE13,0.173212725,0.198643995
PE14,0.301604099,0.345885922
PE15,0.316204576,0.362630055
PE16,0.198219906,0.227322755
PE19,0.356671328,0.409038177
PE2,0.269463336,0.309026219
PE20,0.617893958,0.708613782
PE21,0.259149438,0.297198024
PE22,0.293968884,0.337129696
PE23,0.719184877,0.824776337
PE24,0.20488718,0.234968926
PE25,0.056942828,0.065303233
PE26,0.200796783,0.230277973
PE27,0.347887604,0.398964818
PE28,0.365765335,0.419467376
PE29,0.826586053,0.947946263
PE3,0.375798459,0.430973573
PE30,0.528122208,0.605661651
PE31,0.462675467,0.530605952
PE32,0.409537719,0.469666466
PE33,0.298922678,0.342810812
PE34,0.601444933,0.689749693
PE35,0.578968672,0.663973445
PE36,0.200133179,0.229516937
PE37,0.494244475,0.566809954
PE38,0.240734871,0.276079811
PE4,0.2439493,0.279766185
PE5,0.3396163,0.389479112
PE6,0.393948826,0.451788795
PE7,0.27887407,0.319818647
PE8,0.8273915,0.948869967
PE9,0.339431747,0.389267463
PH1,0.329747387,0.378161236
PH10,0.305108801,0.349905187
PH11,0.310331445,0.355894625
PH12,0.425200285,0.487628625
PH13,0.311824201,0.357606549
PH14,0.359505141,0.412288053
PH15,0.693870375,0.795745134
PH16,0.845622803,0.969778009
PH17,0.698722648,0.801309822
PH18,0.874374839,1.002751448
PH19,0.654840872,0.750985279
PH2,0.516476302,0.592305881
PH20,0.639452336,0.733337382
PH21,0.64979214,0.745195286
PH22,0.636721434,0.730205526
PH23,0.880495782,1.009771074
PH24,0.929696097,1.066195029
PH25,0.881312808,1.010708056
PH26,0.887156946,1.017410236
PH3,0.903668844,1.036346428
PH30,0.317212312,0.363785748
PH31,0.313862272,0.359943852
PH32,0.333176041,0.382093288
PH33,0.317444743,0.364052306
PH34,0.331745087,0.38045224
PH35,0.325032945,0.372754614
PH36,0.317381826,0.363980151
PH37,0.317212312,0.363785748
PH38,0.317212312,0.363785748
PH39,0.316345048,0.362791151
PH4,0.902603297,1.035124436
PH40,0.305170877,0.349976377
PH41,0.308519218,0.353816325
PH42,0.317212312,0.363785748
PH43,0.583442784,0.66910445
PH44,0.454099009,0.52077029
PH49,0.324245822,0.371851925
PH5,0.436493319,0.500579715
PH50,0.315148911,0.361419397
PH6,0.413588609,0.474312112
PH7,0.432859063,0.496411873
PH8,0.357923187,0.410473835
PH9,0.774378749,0.888073829
PL1,0.308186269,0.353434492
PL10,0.547002009,0.627313404
PL11,0.506781288,0.581187435
PL12,0.510327895,0.585254759
PL13,0.227751814,0.261190568
PL14,0.771088366,0.884300349
PL15,0.87097586,0.998853427
PL16,1.089023058,1.248914538
PL17,1.105478684,1.267786196
PL18,0.899404676,1.03145619
PL19,1.024889241,1.175364528
PL2,0.246611556,0.282819317
PL20,0.56477432,0.647695063
PL21,1.126495249,1.291888434
PL22,0.827592026,0.949099934
PL23,0.6594591,0.756281559
PL24,0.59131809,0.678136017
PL25,0.412285059,0.472817174
PL26,0.623015508,0.714487282
PL27,0.650826002,0.746380942
PL28,0.334575047,0.383697698
PL29,0.745346585,0.854779133
PL3,0.215455047,0.247088377
PL30,0.725609768,0.832144536
PL31,0.626163036,0.718096934
PL32,0.412898351,0.473520509
PL33,0.734283453,0.842091701
PL34,0.593396312,0.680519366
PL35,0.304959626,0.34973411
PL4,0.164096101,0.188188859
PL5,0.149313365,0.171235706
PL6,0.533207534,0.61149361
PL7,0.261070876,0.299401569
PL8,1.509949767,1.731642137
PL9,0.383404293,0.439696104
PO1,0.198087311,0.227170693
PO10,0.775511816,0.889373255
PO11,0.184806082,0.2119395
PO12,0.327486754,0.375568694
PO13,0.330857947,0.37943485
PO14,0.48345223,0.554433181
PO15,1.036815329,1.189041616
PO16,0.20687827,0.23725235
PO17,1.170117475,1.34191532
PO18,0.634835669,0.728042891
PO19,0.229863698,0.263612521
PO2,0.308771139,0.354105234
PO20,0.552380328,0.633481373
PO21,0.402392128,0.461471751
PO22,0.261585719,0.299992002
PO3,0.439878571,0.504461993
PO30,0.908647678,1.04205626
PO31,0.213780867,0.245168393
PO32,0.305246075,0.350062616
PO33,0.230106752,0.26389126
PO34,0.32696328,0.374968363
PO35,1.195321524,1.370819853
PO36,0.169006321,0.193820002
PO37,0.125018938,0.143374346
PO38,0.840693373,0.964124834
PO39,0.964691904,1.106328957
PO4,0.108219761,0.124108697
PO40,1.069185599,1.226164522
PO41,2.791951162,3.201868289
PO5,0.148259219,0.170026789
PO6,0.182585756,0.209393183
PO7,0.322630386,0.369999309
PO8,0.410696667,0.470995572
PO9,0.362071869,0.415231632
PR1,0.39691781,0.455193689
PR2,0.238431527,0.273438287
PR25,0.118324278,0.13569677
PR26,0.443518539,0.508636385
PR3,1.282046622,1.470278019
PR4,0.581743009,0.667155113
PR5,0.306911407,0.351972454
PR6,0.122985206,0.141042019
PR7,0.128684699,0.147578318
PR8,0.282015819,0.32342167
PR9,0.361537261,0.414618532
RG1,0.204131787,0.234102625
RG10,1.071461604,1.228774693
RG12,0.244585074,0.280495305
RG14,0.731637807,0.839057618
RG17,0.467464288,0.536097874
RG18,1.09880814,1.260136275
RG19,1.195508637,1.371034438
RG2,0.334863888,0.384028946
RG20,1.263278182,1.448753977
RG21,0.191921943,0.220100119
RG22,0.266154875,0.305232006
RG23,0.23418401,0.268567146
RG24,0.172952689,0.19834578
RG25,0.853771284,0.979122858
RG26,0.409326983,0.46942479
RG27,0.50947831,0.584280437
RG28,0.394489346,0.452408675
RG29,0.433554967,0.497209951
RG30,0.20329963,0.23314829
RG31,0.175414148,0.201168633
RG4,0.237379503,0.272231805
RG40,0.859645084,0.985859055
RG41,0.529273587,0.606982077
RG42,0.337862815,0.387468179
RG45,0.440389212,0.505047607
RG5,0.325439149,0.373220458
RG6,0.236904822,0.27168743
RG7,0.792604611,0.908975631
RG8,0.543367862,0.623145688
RG9,1.031922289,1.183430176
RH1,0.579308944,0.664363676
RH10,0.234058011,0.268422647
RH11,0.311687554,0.357449839
RH12,0.684508131,0.785008316
RH13,0.624114031,0.715747092
RH14,1.043740334,1.196983358
RH15,0.408111418,0.468030754
RH16,0.31625469,0.362687527
RH17,0.340572645,0.39057587
RH18,0.283040077,0.324596311
RH19,0.393782548,0.451598105
RH2,0.569158036,0.652722401
RH20,0.674987837,0.774090242
RH3,0.455633493,0.522530069
RH4,0.2174599,0.249387585
RH5,1.110894622,1.273997308
RH6,0.380910227,0.436835857
RH7,0.829522311,0.951313626
RH8,0.375347636,0.43045656
RH9,0.502275994,0.576020669
RM1,0.157548391,0.180679807
RM10,0.117596852,0.134862542
RM11,0.171654926,0.196857478
RM12,0.180820721,0.207369005
RM13,0.132800166,0.152298022
RM14,0.674368383,0.77337984
RM15,0.13619109,0.156186805
RM16,0.146943984,0.16851845
RM17,0.203296516,0.233144718
RM18,0.120853833,0.138597717
RM19,0.058894546,0.067541504
RM2,0.132770338,0.152263815
RM20,0.119104362,0.136591386
RM3,0.388204637,0.445201239
RM4,0.286801281,0.328909738
RM5,0.094569069,0.108453796
RM6,0.14138648,0.162144988
RM7,0.222382974,0.25503347
RM8,0.108327123,0.124231822
RM9,0.074308804,0.085218898
S1,0.158389351,0.181644237
S10,0.254573915,0.291950717
S11,0.298105657,0.341873835
S12,0.266160327,0.305238259
S13,0.142062482,0.162920241
S14,0.158302558,0.181544702
S17,0.247073151,0.283348684
S18,0.529705348,0.607477229
S2,0.135407378,0.155288027
S20,0.261306023,0.299671241
S21,0.270037618,0.309684817
S25,0.334130347,0.383187706
S26,0.223373314,0.256169213
S3,0.185021468,0.212186509
S32,1.061414321,1.217252258
S33,0.588933562,0.675401391
S35,0.205899767,0.236130182
S36,0.68165772,0.781739404
S4,0.200741291,0.230214332
S40,0.254032783,0.291330137
S41,0.404332342,0.46369683
S42,0.210424239,0.241318941
S43,0.369840673,0.424141059
S44,0.27910979,0.320088975
S45,0.237780657,0.272691857
S5,0.108836939,0.12481649
S6,0.251842344,0.288818095
S60,0.080994751,0.092886483
S61,0.089856867,0.103049745
S62,0.230959459,0.264869163
S63,0.334108712,0.383162895
S64,0.096328211,0.110471217
S65,0.065082128,0.074637553
S66,0.110375005,0.126580376
S7,0.37802712,0.433529449
S70,0.217122065,0.249000149
S71,0.229536674,0.263237484
S72,0.145118612,0.166425076
S73,0.092152579,0.105682515
S74,0.194756194,0.223350497
S75,0.196755179,0.225642976
S8,0.274210417,0.31447027
S80,0.335654769,0.384935946
S81,0.289156475,0.331610725
S9,0.216253838,0.248004448
SA1,0.476501577,0.546462026
SA10,0.374879508,0.429919702
SA11,0.512874694,0.588175482
SA12,0.442208604,0.507134124
SA13,0.353382581,0.405266574
SA14,0.218121766,0.250146627
SA15,0.415989614,0.477065635
SA16,0.539328743,0.618513541
SA17,1.014863693,1.163867019
SA18,0.410619933,0.470907572
SA19,1.558711891,1.787563566
SA2,0.668612851,0.766779274
SA20,0.628623939,0.720919149
SA3,0.595841117,0.683323119
SA31,0.748998677,0.858967429
SA32,0.626169785,0.718104674
SA33,1.679846743,1.926483561
SA34,2.29923301,2.636808753
SA35,0.736559817,0.844702283
SA36,0.787490203,0.90311032
SA37,0.760927228,0.872647343
SA38,0.708627412,0.812668814
SA39,1.455652702,1.669373121
SA4,0.232036507,0.266104344
SA40,1.472987868,1.689253454
SA41,0.812805844,0.93214283
SA42,0.482157489,0.552948344
SA43,0.793116123,0.909562244
SA44,1.094870904,1.255620971
SA45,0.780095492,0.89462991
SA46,1.697367583,1.946576829
SA47,0.966236705,1.108100567
SA48,1.62820067,1.867254759
SA5,0.186046418,0.213361944
SA6,0.407144657,0.466922052
SA61,1.375563039,1.577524611
SA62,1.415866475,1.623745439
SA63,3.63510699,4.168817118
SA64,0.747946016,0.857760215
SA65,0.550944996,0.631835304
SA66,2.355931259,2.701831498
SA67,1.727799272,1.981476529
SA68,0.54325909,0.623020946
SA69,0.344178321,0.394710935
SA7,0.279345564,0.320359366
SA70,0.310025293,0.355543524
SA71,0.203563219,0.233450579
SA72,0.200307517,0.229716871
SA73,0.345811757,0.396584192
SA8,0.790867866,0.906983896
SA9,0.357929426,0.41048099
SE1,0.044146882,0.050628572
SE10,0.129692964,0.148734618
SE11,0.081484878,0.093448571
SE12,0.101847951,0.116801371
SE13,0.071172698,0.081622346
SE14,0.080297138,0.092086446
SE15,0.04735561,0.054308409
SE16,0.044937443,0.051535204
SE17,0.034492895,0.039557177
SE18,0.121884944,0.139780216
SE19,0.060944012,0.069891875
SE2,0.137513902,0.157703833
SE20,0.064530206,0.074004597
SE21,0.124090922,0.142310079
SE22,0.134067288,0.153751184
SE23,0.116594801,0.133713369
SE24,0.087932539,0.100842884
SE25,0.078657506,0.090206081
SE26,0.096642284,0.110831403
SE27,0.098682379,0.113171027
SE28,0.095689905,0.109739195
SE3,0.12491905,0.143259793
SE4,0.093564429,0.107301655
SE5,0.030855862,0.035386151
SE6,0.093062394,0.10672591
SE7,0.415744869,0.476784956
SE8,0.077588676,0.088980325
SE9,0.137509629,0.157698934
SG1,0.315007199,0.361256878
SG10,0.370797968,0.425238905
SG11,0.346774997,0.397688857
SG12,1.133387977,1.29979316
SG13,0.66628891,0.76411413
SG14,0.681747187,0.781842006
SG15,0.217487794,0.249419575
SG16,0.276954424,0.317617156
SG17,0.282258033,0.323699446
SG18,0.522153038,0.598816081
SG19,0.871917597,0.999933431
SG2,0.243971671,0.279791842
SG3,0.59547946,0.682908364
SG4,0.164204997,0.188313742
SG5,0.68784732,0.788837767
SG6,0.181907785,0.208615672
SG7,0.307565177,0.352722211
SG8,0.504277548,0.578316094
SG9,0.955359479,1.095626335
SK1,0.206443631,0.236753897
SK10,0.688929495,0.790078828
SK11,0.466216928,0.534667374
SK12,0.71712137,0.822409863
SK13,0.237170308,0.271991895
SK14,0.118349421,0.135725604
SK15,0.093698784,0.107455736
SK16,0.137114914,0.157246266
SK17,0.518071565,0.594135362
SK2,0.132905326,0.152418623
SK22,0.578323229,0.663233237
SK23,0.670658496,0.769125263
SK3,0.401990502,0.461011159
SK4,0.245743904,0.281824275
SK5,0.234526031,0.268959383
SK6,0.19714901,0.226094629
SK7,0.260258305,0.298469696
SK8,0.572567206,0.656632109
SK9,0.684859671,0.785411468
SL0,0.162060984,0.185854943
SL1,0.294083367,0.337260988
SL2,0.297486854,0.341164178
SL3,0.152517717,0.174910524
SL4,0.434920819,0.498776338
SL5,0.415718957,0.476755239
SL6,0.428118838,0.490975684
SL7,1.280047405,1.467985275
SL8,0.196764572,0.225653747
SL9,0.540389364,0.619729883
SM1,0.201136083,0.230667089
SM2,0.268834667,0.308305248
SM3,0.327613135,0.375713631
SM4,0.193064935,0.221410926
SM5,0.147968155,0.169692991
SM6,0.102078902,0.117066231
SM7,0.345421591,0.396136743
SN1,0.815785589,0.935560064
SN10,0.264496196,0.303329798
SN11,0.532090948,0.610213085
PL95,0.0,0.0
PR11,0.0,0.0
RH77,0.0,0.0
S49,0.0,0.0
S95,0.0,0.0
S96,0.0,0.0
S97,0.0,0.0
S98,0.0,0.0
S99,0.0,0.0
SA80,0.0,0.0
SA99,0.0,0.0
SE1P,0.0,0.0
SL95,0.0,0.0
SN12,0.559076258,0.641160406
SN13,0.965407956,1.10715014
SN14,0.599505829,0.687525889
SN15,1.309775736,1.50207835
SN16,1.408987739,1.61585676
SN2,0.48483245,0.556016047
SN25,0.264338733,0.303149216
SN26,0.314140231,0.360262621
SN3,0.699062659,0.801699754
SN4,1.126621861,1.292033636
SN5,0.384051648,0.440438504
SN6,0.683930221,0.784345556
SN7,0.667082854,0.765024641
SN8,1.447612456,1.660152398
SN9,0.254578741,0.291956253
SO14,0.133644673,0.153266521
SO15,0.191870458,0.220041075
SO16,0.220356674,0.252709666
SO17,0.155334814,0.17814123
SO18,0.202881264,0.232668499
SO19,0.141632014,0.162426571
SO20,0.402786135,0.461923608
SO21,1.493616841,1.712911194
SO22,0.360651142,0.413602311
SO23,0.552994172,0.634185342
SO24,0.602818264,0.691324658
SO30,0.38422303,0.440635048
SO31,0.492075759,0.564322826
SO32,0.793262311,0.909729895
SO40,0.287009916,0.329149006
SO41,0.327972948,0.376126272
SO42,0.383245057,0.439513488
SO43,0.387507825,0.44440212
SO45,0.511342995,0.586418897
SO50,0.527765805,0.605252921
SO51,0.347563488,0.398593115
SO52,0.281590688,0.322934121
SO53,0.503682782,0.577634003
SP1,0.904131604,1.036877131
SP10,0.384864446,0.441370637
SP11,0.413990929,0.474773501
SP2,0.542377295,0.622009685
SP3,0.789064755,0.904916049
SP4,0.719522422,0.825163441
SP5,0.575061309,0.659492399
SP6,1.421333782,1.630015462
SP7,0.950478427,1.090028643
SP8,1.200307522,1.376537901
SP9,1.250964605,1.434632508
SR1,0.094420752,0.108283703
SR2,0.056759354,0.06509282
SR3,0.072444228,0.083080564
SR4,0.141421392,0.162185025
SR5,0.269284701,0.308821357
SR6,0.237598112,0.27248251
SR7,0.120060468,0.137687868
SR8,0.086648181,0.099369955
SS0,0.295388485,0.338757724
SS1,0.236648067,0.271392978
SS11,0.219154255,0.251330707
SS12,0.106196197,0.121788031
SS13,0.188289409,0.215934252
SS14,0.316460288,0.362923311
SS15,0.245522642,0.281570527
SS16,0.471494713,0.540720049
SS17,0.161295886,0.184977513
SS2,0.263884508,0.302628302
SS3,0.21187376,0.242981282
SS4,0.201759272,0.231381775
SS5,0.318701823,0.365493951
SS6,0.252213653,0.289243919
SS7,0.258528648,0.296486088
SS8,0.218113318,0.250136938
SS9,0.299927861,0.343963576
ST1,0.203245302,0.233085985
ST10,0.734316897,0.842130055
ST11,0.723953594,0.830245201
ST12,0.517829324,0.593857556
ST13,0.619455667,0.710404782
ST14,0.894330535,1.025637059
ST15,1.106867028,1.269378377
ST16,0.300632154,0.344771274
ST17,0.381801321,0.437857782
ST18,0.453986991,0.520641825
ST19,1.02417649,1.17454713
ST2,0.410004031,0.470201242
ST20,0.692780916,0.794495719
ST21,1.906438786,2.18634408
ST3,0.2611108,0.299447355
ST4,0.141959638,0.162802297
ST5,0.212049898,0.243183281
ST6,0.163593682,0.187612674
ST7,0.444706367,0.509998611
ST8,0.5166896,0.592550495
ST9,0.364208798,0.417682306
SW10,0.113653829,0.1303406
SW11,0.158281064,0.181520051
SW12,0.154953086,0.177703457
SW13,0.304761299,0.349506665
SW14,0.456766054,0.523828914
SW15,0.130311175,0.149443596
SW16,0.133132761,0.152679449
SW17,0.140258552,0.160851456
SW18,0.093891655,0.107676924
SW19,0.308988468,0.354354471
SW1A,0.194860317,0.223469909
SW1E,0.45922952,0.526654068
SW1H,0.3593089,0.412063
SW1P,0.26538235,0.304346058
SW1V,0.352541667,0.404302195
SW1W,0.247300703,0.283609645
SW1X,0.178973028,0.205250031
SW1Y,0.21369479,0.245069678
SW2,0.131179322,0.150439204
SW20,0.239428644,0.274581803
SW3,0.150095162,0.172132288
SW4,0.168513084,0.193254347
SW5,0.125410564,0.143823471
SW6,0.189143623,0.216913883
SW7,0.180764062,0.207304027
SW8,0.182068535,0.208800024
SW9,0.052000541,0.059635314
SY1,0.326690024,0.374654988
SY10,0.702205085,0.805303555
SY11,0.690395083,0.791759595
SY12,1.858492986,2.131358828
SY13,1.296947497,1.487366656
SY14,1.886908407,2.16394623
SY15,1.608857581,1.845071698
SY16,0.685308859,0.785926607
SY17,1.015478374,1.164571948
SY18,1.338963756,1.535551785
SY19,2.338482675,2.681821094
SY2,0.456179352,0.523156072
SY20,1.262475579,1.447833535
SY21,0.999392282,1.146124079
SY22,1.029903472,1.181114953
SY23,0.880844841,1.010171382
SY24,0.217648084,0.249603398
SY25,1.500217797,1.720481309
SY3,0.556952476,0.638724809
SY4,0.671789929,0.770422813
SY5,0.800852757,0.918434778
SY6,0.816321693,0.936174879
SY7,0.755438019,0.866352202
SY8,1.136233149,1.303056063
SY9,0.994887653,1.140958076
TA1,0.679542937,0.779314127
TA10,0.558193875,0.640148471
TA11,0.4501727,0.516267517
TA12,1.49183254,1.71086492
TA13,0.597709173,0.685465445
TA14,1.463253275,1.678089618
TA15,1.314706965,1.507733586
TA16,0.631055358,0.723707551
TA17,0.700369577,0.803198555
TA18,0.668630875,0.766799944
TA19,0.902664068,1.03519413
TA2,0.471458727,0.54067878
TA20,0.642278183,0.736578123
TA21,1.070228219,1.227360222
TA22,0.946925667,1.085954263
TA23,0.528964289,0.606627368
TA24,0.634179267,0.727290116
TA3,0.996997967,1.143378228
TA4,0.77833076,0.892606078
TA5,0.890366212,1.021090691
TA6,0.546897277,0.627193295
TA7,1.567533783,1.797680697
TA8,0.708137164,0.812106587
TA9,0.611403755,0.70117068
TD1,0.468255925,0.537005739
TD10,1.253232297,1.437233146
TD11,1.581389363,1.813570567
TD12,1.666194739,1.910827155
TD13,0.64000059,0.733966131
TD14,0.627322389,0.719426504
TD15,0.746658571,0.856283746
TD2,0.467989829,0.536700574
TD3,2.56027251,2.93617434
TD4,0.291420838,0.334207543
TD5,0.893742768,1.024962996
TD6,0.628083523,0.720299389
TD7,0.39732068,0.455655709
TD8,0.295001425,0.338313836
TD9,0.494141029,0.56669132
TF1,0.499964961,0.573370328
TF10,0.881396653,1.010804212
TF11,1.179624563,1.352818248
TF12,0.91693904,1.051564968
TF13,1.05754614,1.212816146
TF2,0.497989351,0.571104657
TF3,0.269268603,0.308802895
TF4,0.281501773,0.322832151
TF5,0.225633265,0.258760971
TF6,0.534522074,0.613001152
TF7,0.160248679,0.183776554
TF8,0.50988958,0.58475209
TF9,1.121447931,1.286100064
TN1,0.293701562,0.336823126
TN10,0.067436147,0.077337191
TN11,0.252008739,0.28900892
TN12,1.289936696,1.479326522
TN13,0.545459741,0.625544698
TN14,0.803215823,0.921144792
TN15,0.656961578,0.753417349
TN16,0.596756463,0.684372858
TN17,1.392867255,1.597369451
TN18,0.657699243,0.754263319
TN19,0.862343951,0.988954172
TN2,0.357409092,0.409884261
TN20,0.390708307,0.448072501
TN21,0.868260365,0.99573924
TN22,0.672217812,0.770913519
TN23,0.3896673,0.446878651
TN24,0.3101333,0.355667389
TN25,0.522170662,0.598836293
TN26,0.371130542,0.425620307
TN27,0.950798818,1.090396074
TN28,0.624029218,0.715649827
TN29,0.630214823,0.722743608
TN3,0.262288262,0.300797693
TN30,0.935254536,1.072569564
TN31,0.585062603,0.670962092
TN32,1.150848269,1.319816989
TN33,0.925936406,1.061883337
TN34,0.189215961,0.216996842
TN35,0.2125366,0.243741441
TN36,0.335369231,0.384608485
TN37,0.243541789,0.279298844
TN38,0.216736609,0.2485581
TN39,0.369327794,0.423552878
TN4,0.319807243,0.36676167
TN40,0.324965307,0.372677046
TN5,0.448070803,0.513857017
TN6,0.350205496,0.401623025
TN7,0.298573224,0.34241005
TN8,0.404783065,0.464213729
TN9,0.227920445,0.261383958
TQ1,0.284766788,0.32657654
TQ10,0.746514823,0.856118894
TQ11,0.537833284,0.616798518
TQ12,0.572427731,0.656472157
TQ13,0.765850859,0.878293866
TQ14,0.387092474,0.443925787
TQ2,0.656013591,0.752330178
TQ3,0.486568016,0.55800643
TQ4,0.429565595,0.492634855
TQ5,0.579910264,0.665053282
TQ6,0.364125428,0.417586696
TQ7,0.694439812,0.796398176
TQ8,0.630077207,0.722585787
TQ9,1.18210954,1.355668072
TR1,1.002348706,1.149514569
TR10,0.38720853,0.444058883
TR11,0.589466305,0.676012352
TR12,0.392059212,0.449621746
TR13,0.639523367,0.733418843
TR14,0.719838389,0.825525798
TR15,0.563826419,0.64660799
TR16,0.571978608,0.655957092
TR17,0.364852273,0.418420257
TR18,0.33717857,0.386683472
TR19,0.423330688,0.485484532
TR2,1.003784569,1.151161247
TR20,0.47590384,0.545776529
TR21,0.193951285,0.222427411
TR22,0.190805025,0.218819214
TR23,0.179148749,0.205451552
TR24,0.227876506,0.261333568
TR25,0.191509981,0.219627672
TR26,0.675671685,0.774874494
TR27,0.918072971,1.052865384
TR3,0.52399978,0.600933964
TR4,0.741936927,0.850868866
TR5,0.172653892,0.198003113
TR6,0.219231246,0.251419002
TR7,0.643192106,0.737626229
TR8,1.070378371,1.227532419
TR9,1.600448962,1.835428517
TS1,0.429153756,0.49216255
TS10,0.249512602,0.286146298
TS11,0.42151492,0.483402172
TS12,0.344011095,0.394519156
TS13,0.197629359,0.226645503
TS14,0.378193542,0.433720305
TS15,0.516123758,0.591901576
TS16,0.444636653,0.509918661
TS17,0.440887556,0.505619118
TS18,0.226858988,0.260166656
TS19,0.159383245,0.182784056
TS2,1.229484076,1.409998187
TS20,0.25785383,0.295712193
TS21,0.338760393,0.388497541
TS22,0.187682027,0.215237695
TS23,0.396926626,0.455203799
TS24,0.152773087,0.175203388
TS25,0.220889332,0.25332053
TS26,0.21762284,0.249574448
TS27,0.116847305,0.134002946
TS28,0.082556921,0.094678012
TS29,0.124832531,0.14316057
TS3,0.027494663,0.031531457
TS4,0.05979951,0.068579335
TS5,0.197776384,0.226814115
TS6,0.028559895,0.032753088
TS7,0.072738395,0.08341792
TS8,0.137883907,0.158128163
TS9,0.755046092,0.865902732
TW1,0.254566884,0.291942654
TW10,0.358062235,0.410633299
TW11,0.386178694,0.442877845
TW12,0.373882452,0.428776256
TW13,0.258819013,0.296819086
TW14,0.175307077,0.201045842
TW15,0.302938258,0.347415963
TW16,0.437642933,0.501898117
TW17,0.483376183,0.554345969
TW18,0.466780809,0.535314044
TW19,0.251741714,0.28870269
TW2,0.233074644,0.267294902
TW20,0.639384488,0.733259573
TW3,0.122599078,0.1405992
TW4,0.116824487,0.133976778
TW5,0.115134278,0.132038411
TW6,0.953458417,1.093446158
TW7,0.18752616,0.215058942
TW8,0.11518799,0.132100009
TW9,0.497989707,0.571105065
UB1,0.134921336,0.154730625
UB10,0.22219304,0.254815649
UB11,4.982600357,5.714150841
UB2,0.146621924,0.168149105
UB3,0.216519585,0.248309212
UB4,0.146063811,0.167509049
UB5,0.176285585,0.202168015
UB6,0.148122897,0.169870452
UB7,0.160088511,0.18359287
UB8,0.164634946,0.188806818
UB9,0.451893245,0.518240673
W10,0.140014701,0.160571803
W11,0.217045762,0.248912642
W12,0.128671088,0.147562709
W13,0.170519229,0.195555036
W14,0.190554985,0.218532463
W1A,1.227162017,1.4073352
W1B,0.211376563,0.242411086
W1C,0.796393455,0.913320757
W1D,0.243500529,0.279251526
W1F,0.179318818,0.205646591
W1G,0.393617604,0.451408944
W1H,0.344206201,0.394742907
W1J,0.397525482,0.455890579
W1K,0.398947292,0.457521142
W1S,0.497671015,0.570739583
W1T,0.46941921,0.538339819
W1U,0.310590374,0.356191571
W1W,0.198382903,0.227509683
W2,0.250226164,0.286964625
W3,0.10276794,0.117856434
W4,0.223571615,0.256396629
W5,0.119150512,0.136644312
W6,0.206225753,0.236504029
W7,0.18408902,0.211117159
W8,0.20354914,0.233434433
W9,0.155979493,0.178880562
WA1,0.192032252,0.220226623
WA10,0.100686658,0.115469576
WA11,0.202900106,0.232690107
WA12,0.190260835,0.218195125
WA13,0.326140972,0.374025323
WA14,0.204172591,0.234149419
WA15,0.196265395,0.225081281
WA16,0.479104001,0.54944654
WA2,0.141298981,0.162044642
WA3,0.328638671,0.376889737
WA4,0.439760691,0.504326806
WA5,0.341771817,0.391951104
WA6,0.815661126,0.935417327
WA7,0.370650646,0.425069953
WA8,0.273935496,0.314154985
WA9,0.575285926,0.659749994
WC1A,0.077750799,0.089166251
WC1B,0.08766038,0.100530766
WC1E,0.092834904,0.10646502
WC1H,0.117982413,0.135304712
WC1N,0.077967709,0.089415007
WC1R,0.078816048,0.090387901
WC1V,0.084681256,0.097114245
WC1X,0.117614346,0.134882604
WC2A,0.091614605,0.105065555
WC2B,0.031202215,0.035783356
WC2E,0.072862184,0.083559885
WC2H,0.046776081,0.053643794
WC2N,0.134936168,0.154747635
WC2R,0.0825547,0.094675466
WD17,0.646249687,0.741132727
WD18,0.205002907,0.235101643
WD19,0.331653397,0.380347088
WD23,0.378823838,0.434443141
WD24,0.287398779,0.329594962
WD25,0.227477095,0.260875515
WD3,0.33802802,0.38765764
WD4,0.325991371,0.373853758
WD5,0.37374089,0.42861391
WD6,0.170633927,0.195686575
WD7,0.596034423,0.683544806
WF1,0.369313102,0.42353603
WF10,0.365511702,0.419176504
WF11,0.186757691,0.214177646
WF12,0.733063204,0.840692293
WF13,0.277772253,0.31855506
WF14,0.168021277,0.192690333
WF15,0.161282172,0.184961786
WF16,0.109491705,0.12556739
WF17,0.183290678,0.210201603
WF2,0.534750582,0.61326321
WF3,0.268714696,0.308167663
WF4,0.172894719,0.198279299
WF5,0.235460739,0.270031325
WF6,0.139876748,0.160413596
WF7,0.306603429,0.351619258
WF8,0.320656639,0.367735774
WF9,0.343939113,0.394436605
WN1,0.217467502,0.249396303
WN2,0.275992458,0.316513953
WN3,0.165110484,0.189352174
WN4,0.329508906,0.377887741
WN5,0.220703345,0.253107235
WN6,0.23360645,0.267904788
WN7,0.30471727,0.349456172
WN8,0.211602143,0.242669786
WR1,0.282386955,0.323847297
WR10,0.685596872,0.786256906
WR11,0.493107151,0.565505647
WR12,0.825312187,0.946485367
WR13,0.491490549,0.563651695
WR14,0.430733646,0.493974401
WR15,2.075267486,2.379960382
WR2,0.54993207,0.630673659
WR3,0.33253585,0.381359103
WR4,0.393346576,0.451098122
WR5,0.410914906,0.471245853
WR6,0.731412484,0.838799213
WR7,0.746249601,0.855814731
WR8,0.925620814,1.06152141
WR9,0.738355141,0.846761198
WS1,0.172584535,0.197923573
WS10,0.095458658,0.109473996
WS11,0.28143265,0.32275288
WS12,0.181979009,0.208697353
WS13,0.721150644,0.827030719
WS14,0.869440497,0.997092641
WS15,0.532002984,0.610112206
WS2,0.182436912,0.209222486
WS3,0.342337003,0.392599272
WS4,0.198900597,0.228103386
WS5,0.147647491,0.169325247
WS6,0.168127209,0.192811818
WS7,0.455607493,0.522500252
WS8,0.511303089,0.586373132
WS9,0.356954237,0.409362624
WV1,0.391705604,0.449216222
WV10,0.164938084,0.189154462
WV11,0.161862468,0.185627281
WV12,0.289957481,0.332529335
WV13,0.15225894,0.174613754
WV14,0.1228358,0.140870678
WV15,0.728853224,0.8358642
WV16,0.763889374,0.876044394
WV2,0.472119166,0.541436185
WV3,0.330562199,0.379095679
WV4,0.272447757,0.312448815
WV5,0.417988778,0.479358318
WV6,0.405223419,0.464718736
WV7,0.238659956,0.273700255
WV8,0.394739919,0.452696038
WV9,0.137665208,0.157877355
YO1,0.744126523,0.85337994
YO10,0.501940253,0.575635635
YO11,0.205166189,0.235288899
YO12,0.283344475,0.324945401
YO13,0.422047215,0.484012619
YO14,0.410117272,0.47033111
YO15,0.519642594,0.595937052
YO16,0.296235595,0.339729208
YO17,0.52726071,0.604673667
YO18,1.27244134,1.459262479
SN38,0.0,0.0
SN99,0.0,0.0
SO97,0.0,0.0
SR9,0.0,0.0
SS99,0.0,0.0
ST55,0.0,0.0
SW95,0.0,0.0
SY99,0.0,0.0
WA55,0.0,0.0
WA88,0.0,0.0
WD99,0.0,0.0
WF90,0.0,0.0
WR99,0.0,0.0
YO19,1.150512319,1.319431714
YO21,0.678060089,0.777613566
YO22,0.411031382,0.47137943
YO23,0.407668959,0.467523332
YO24,0.484033603,0.555099912
YO25,0.659101867,0.755871878
YO26,0.694474347,0.796437781
YO30,0.492786541,0.565137965
YO31,0.331332809,0.379979431
YO32,0.444911281,0.510233611
YO41,0.724226474,0.830558146
YO42,0.845967082,0.970172834
YO43,1.07389391,1.231564112
YO51,0.70622623,0.809915088
YO60,1.831654845,2.100580284
YO61,1.933739917,2.21765359
YO62,1.256223308,1.4406633
YO7,0.540742713,0.620135111
YO8,0.261033543,0.299358755
ZE1,0.454123908,0.520798845
ZE2,0.677350217,0.776799469
ZE3,0.458550434,0.525875278
YO90,0.0,0.0
