postal_code,estimated_cat_population,estimated_dog_population
AB10,"1,675.72","1,921.75"
AB11,"2,072.99","2,377.35"
AB12,"3,601.57","4,130.35"
AB13,"1,153.84","1,323.24"
AB14,"2,325.13","2,666.50"
AB15,"8,774.02","10,062.23"
AB16,"5,664.09","6,495.69"
AB21,"5,429.21","6,226.34"
AB22,"1,950.47","2,236.84"
AB23,"1,094.73","1,255.46"
AB24,"1,994.16","2,286.94"
AB25,851.0035514,975.9487636
AB30,"4,225.42","4,845.81"
AB31,"3,961.30","4,542.91"
AB32,923.3044091,"1,058.86"
AB33,"1,960.82","2,248.71"
AB34,"2,182.35","2,502.77"
AB35,748.8826325,858.8343469
AB36,198.7987426,227.9865774
AB37,805.854518,924.1709029
AB38,"2,503.43","2,870.99"
AB39,"4,902.58","5,622.39"
AB41,"7,457.56","8,552.49"
AB42,"9,981.04","11,446.46"
AB43,"9,081.17","10,414.48"
AB44,"2,408.16","2,761.73"
AB45,"3,211.51","3,683.02"
AB51,"12,705.25","14,570.64"
AB52,"4,285.25","4,914.42"
AB53,"9,130.65","10,471.22"
AB54,"2,686.30","3,080.71"
AB55,"4,197.28","4,813.52"
AB56,866.9044183,994.184212
AL1,"2,570.54","2,947.95"
AL10,"4,027.15","4,618.42"
AL2,"7,389.91","8,474.91"
AL3,"4,061.57","4,657.89"
AL4,"3,089.77","3,543.41"
AL5,"4,441.67","5,093.80"
AL6,"4,157.38","4,767.78"
AL7,"4,655.45","5,338.97"
AL8,"2,757.97","3,162.90"
AL9,"5,893.83","6,759.17"
B1,428.5319285,491.4494247
B10,575.8420669,660.3877884
B11,"1,444.01","1,656.02"
B12,607.8803998,697.1300221
B13,"1,600.86","1,835.91"
B14,"2,868.36","3,289.50"
B15,853.1961669,978.4633011
B16,"1,017.49","1,166.88"
B17,"1,844.87","2,115.73"
B18,678.657341,778.2985062
B19,265.329493,304.2854407
B2,88.52149839,101.5183154
B20,506.2086567,580.5307297
B21,508.5390567,583.2032814
B23,"2,462.92","2,824.52"
B24,"1,817.29","2,084.11"
B25,"1,018.06","1,167.53"
B26,"1,978.75","2,269.27"
B27,"3,100.61","3,555.85"
B28,"2,288.59","2,624.60"
B29,"1,778.16","2,039.23"
B3,131.8046082,151.1562956
B30,"1,575.49","1,806.81"
B31,"3,862.96","4,430.13"
B32,"2,272.32","2,605.95"
B33,"2,016.49","2,312.56"
B34,"1,001.63","1,148.70"
B35,747.7114246,857.4911811
B36,"1,950.34","2,236.69"
B37,"4,019.93","4,610.14"
B38,"1,374.84","1,576.69"
B4,63.97059597,73.36282433
B40,9.320749627,10.68923162
B42,"1,306.22","1,498.00"
B43,"3,183.93","3,651.40"
B44,"3,027.31","3,471.78"
B45,"3,147.61","3,609.75"
B46,"3,712.53","4,257.61"
B47,"2,482.76","2,847.29"
B48,"1,450.09","1,663.00"
B49,"2,452.52","2,812.61"
B5,439.1810073,503.6620122
B50,"1,274.87","1,462.05"
B6,236.6754937,271.4244318
B60,"4,385.65","5,029.56"
B61,"4,272.80","4,900.13"
B62,"2,833.20","3,249.17"
B63,"3,488.33","4,000.49"
B64,"1,468.08","1,683.63"
B65,"3,101.16","3,556.48"
B66,"1,125.08","1,290.26"
B67,"1,437.58","1,648.65"
B68,"2,077.93","2,383.01"
B69,"2,761.60","3,167.06"
B7,212.9204033,244.1815948
B70,"1,428.86","1,638.65"
B71,"2,133.97","2,447.28"
B72,567.5448289,650.8723414
B73,"1,731.02","1,985.17"
B74,"3,394.01","3,892.32"
B75,"1,767.23","2,026.70"
B76,"1,295.71","1,485.94"
B77,"3,906.41","4,479.95"
B78,"4,090.85","4,691.47"
B79,"4,156.18","4,766.39"
B8,786.8403906,902.3651019
B80,"1,019.40","1,169.07"
B9,706.7715058,810.5404215
B90,"10,127.42","11,614.33"
B91,"8,753.25","10,038.41"
B92,"6,475.57","7,426.32"
B93,"2,748.38","3,151.90"
B94,"1,742.39","1,998.21"
B95,777.4422182,891.5870802
B96,"1,658.51","1,902.01"
B97,"5,226.27","5,993.60"
B98,"3,474.19","3,984.27"
BA1,"7,063.64","8,100.73"
BA10,"1,211.93","1,389.86"
BA11,"11,619.51","13,325.50"
BA12,"11,330.13","12,993.63"
BA13,"2,863.35","3,283.76"
BA14,"4,602.97","5,278.78"
BA15,"2,293.41","2,630.13"
BA16,"1,440.70","1,652.22"
BA2,"17,395.63","19,949.67"
BA20,"1,686.00","1,933.54"
BA21,"5,087.77","5,834.77"
BA22,"6,687.52","7,669.39"
BA3,"8,018.55","9,195.84"
BA4,"7,430.48","8,521.43"
BA5,"5,317.42","6,098.13"
BA6,"4,176.98","4,790.25"
BA7,"4,010.26","4,599.05"
BA8,"1,342.55","1,539.66"
BA9,"3,770.64","4,324.25"
BB1,"7,302.31","8,374.44"
BB10,"2,179.23","2,499.19"
BB11,"2,256.60","2,587.92"
BB12,"3,562.15","4,085.14"
BB18,"5,154.70","5,911.52"
BB2,"9,418.52","10,801.35"
BB3,"5,147.07","5,902.77"
BB4,"4,432.70","5,083.52"
BB5,"4,200.15","4,816.82"
BB6,"2,768.09","3,174.51"
AB99,0,0
B99,0,0
BB7,"8,112.05","9,303.07"
BB8,"6,741.34","7,731.11"
BB9,"8,780.08","10,069.18"
BD1,297.20577,340.8418253
BD10,"4,495.64","5,155.70"
BD11,"5,002.59","5,737.08"
BD12,"1,268.53","1,454.78"
BD13,"1,245.74","1,428.64"
BD14,359.4094864,412.178355
BD15,"1,303.96","1,495.41"
BD16,"3,204.17","3,674.61"
BD17,"3,592.47","4,119.92"
BD18,"6,775.68","7,770.49"
BD19,"3,654.71","4,191.30"
BD2,"4,257.05","4,882.08"
BD20,"17,324.58","19,868.19"
BD21,"4,928.16","5,651.72"
BD22,"2,324.76","2,666.08"
BD23,"11,090.69","12,719.03"
BD24,"4,844.16","5,555.38"
BD3,"3,987.95","4,573.46"
BD4,"5,002.06","5,736.46"
BD5,"1,179.69","1,352.89"
BD6,"1,286.31","1,475.17"
BD7,"1,230.80","1,411.51"
BD8,"1,635.46","1,875.57"
BD9,"2,060.46","2,362.97"
BH1,"2,392.46","2,743.72"
BH10,"2,645.07","3,033.42"
BH11,"2,277.64","2,612.05"
BH12,"3,634.95","4,168.64"
BH13,989.3254496,"1,134.58"
BH14,"3,177.19","3,643.67"
BH15,"3,934.76","4,512.47"
BH16,"1,696.54","1,945.63"
BH17,"2,816.25","3,229.73"
BH18,"1,824.47","2,092.34"
BH19,"2,012.77","2,308.29"
BH2,"1,114.41","1,278.03"
BH20,"8,999.01","10,320.26"
BH21,"16,030.49","18,384.10"
BH22,"4,327.27","4,962.60"
BH23,"11,202.45","12,847.20"
BH24,"12,741.27","14,611.96"
BH25,"4,883.87","5,600.92"
BH3,"1,009.75","1,158.00"
BH31,"4,582.86","5,255.71"
BH4,854.8001577,980.3027915
BH5,"1,010.31","1,158.65"
BH6,"2,119.66","2,430.88"
BH7,990.7446457,"1,136.21"
BH8,"2,878.34","3,300.94"
BH9,"3,665.29","4,203.43"
BL0,"1,311.50","1,504.05"
BL1,"4,431.51","5,082.14"
BL2,"6,802.64","7,801.41"
BL3,"3,819.55","4,380.34"
BL4,"2,364.03","2,711.12"
BL5,"3,114.15","3,571.37"
BL6,"4,716.62","5,409.12"
BL7,"1,499.30","1,719.43"
BL8,"4,556.94","5,225.99"
BL9,"6,749.93","7,740.97"
BN1,"12,964.63","14,868.11"
BN10,"3,164.88","3,629.55"
BN11,"6,825.70","7,827.86"
BN12,"3,402.88","3,902.50"
BN13,"7,415.08","8,503.77"
BN14,"11,746.57","13,471.21"
BN15,"6,906.32","7,920.31"
BN16,"8,717.39","9,997.28"
BN17,"3,731.14","4,278.95"
BN18,"3,490.23","4,002.67"
BN2,"14,037.54","16,098.55"
BN20,"7,068.60","8,106.42"
BN21,"2,642.45","3,030.42"
BN22,"4,717.09","5,409.66"
BN23,"6,475.35","7,426.06"
BN24,"1,972.45","2,262.05"
BN25,"4,297.38","4,928.32"
BN26,"2,932.97","3,363.59"
BN27,"4,564.88","5,235.09"
BN3,"8,336.43","9,560.39"
BN41,"2,939.46","3,371.03"
BN42,"2,771.77","3,178.73"
BN43,"7,524.24","8,628.95"
BN44,"2,867.60","3,288.63"
BN45,433.9472095,497.6597829
BN5,"2,131.34","2,444.26"
BN6,"2,527.32","2,898.39"
BN7,"4,951.27","5,678.22"
BN8,"6,627.19","7,600.20"
BN9,"2,420.78","2,776.21"
BR1,"3,612.05","4,142.38"
BR2,"2,546.50","2,920.38"
BR3,"2,436.91","2,794.70"
BR4,894.3004194,"1,025.60"
BR5,"4,479.64","5,137.34"
BR6,"5,444.55","6,243.92"
BR7,"1,161.42","1,331.94"
BR8,"2,279.51","2,614.18"
BS1,"2,209.63","2,534.05"
BS10,"3,088.43","3,541.88"
BS11,"2,231.48","2,559.11"
BS13,"4,145.87","4,754.57"
BS14,"10,205.62","11,704.02"
BS15,"5,829.98","6,685.95"
BS16,"10,282.87","11,792.61"
BS2,"2,604.99","2,987.46"
BS20,"8,138.08","9,332.92"
BS21,"3,518.51","4,035.10"
BS22,"6,221.49","7,134.93"
BS23,"7,059.80","8,096.33"
BS24,"4,543.95","5,211.09"
BS25,"2,406.08","2,759.34"
BS26,"1,860.99","2,134.22"
BS27,"4,583.88","5,256.89"
BS28,"4,034.58","4,626.94"
BS29,543.5716912,623.3794431
BS3,"4,953.58","5,680.87"
BS30,"5,400.72","6,193.66"
BS31,"2,578.83","2,957.45"
BS32,"4,899.43","5,618.76"
BS34,"4,383.32","5,026.89"
BS35,"3,081.31","3,533.71"
BS36,"2,518.38","2,888.13"
BS37,"3,337.82","3,827.88"
BS39,"3,905.76","4,479.21"
BS4,"12,959.10","14,861.76"
BS40,"11,526.62","13,218.97"
BS41,930.5047501,"1,067.12"
BS48,"7,687.90","8,816.65"
BS49,"2,310.27","2,649.47"
BS5,"6,166.18","7,071.51"
BS6,"3,130.92","3,590.61"
BS7,"3,448.69","3,955.03"
BS8,"2,715.67","3,114.39"
BS9,"2,842.30","3,259.61"
CA1,"7,111.54","8,155.66"
CA10,"7,348.87","8,427.84"
BB94,0,0
BD97,0,0
BD98,0,0
BD99,0,0
BL11,0,0
BL78,0,0
BN50,0,0
BN88,0,0
BN99,0,0
BS98,0,0
BS99,0,0
CA11,"8,559.79","9,816.55"
CA12,"3,894.39","4,466.16"
CA13,"4,699.07","5,388.99"
CA14,"6,064.32","6,954.68"
CA15,"2,186.97","2,508.06"
CA16,"2,506.51","2,874.52"
CA17,"2,819.23","3,233.16"
CA18,150.4527371,172.5423619
CA19,531.5968392,609.6464311
CA2,"6,117.04","7,015.15"
CA20,"1,151.12","1,320.13"
CA21,271.2143297,311.0342951
CA22,"3,201.36","3,671.38"
CA23,489.5077269,561.3777522
CA24,252.5388976,289.616917
CA25,"1,520.98","1,744.29"
CA26,911.5772662,"1,045.42"
CA27,518.534605,594.6663863
CA28,"4,568.21","5,238.92"
CA3,"7,369.39","8,451.37"
CA4,"5,509.06","6,317.91"
CA5,"4,756.77","5,455.17"
CA6,"8,040.16","9,220.62"
CA7,"8,003.29","9,178.34"
CA8,"6,824.98","7,827.03"
CA9,"1,819.93","2,087.14"
CB1,"7,020.09","8,050.78"
CB10,"3,600.16","4,128.74"
CB11,"4,028.44","4,619.90"
CB2,"1,716.78","1,968.84"
CB21,"7,162.24","8,213.80"
CB22,"4,025.49","4,616.52"
CB23,"11,053.48","12,676.37"
CB24,"9,965.52","11,428.66"
CB25,"6,553.24","7,515.39"
CB3,"6,033.83","6,919.73"
CB4,"6,558.07","7,520.93"
CB5,"6,375.93","7,312.05"
CB6,"4,823.85","5,532.09"
CB7,"4,209.86","4,827.96"
CB8,"23,544.45","27,001.27"
CB9,"4,547.14","5,214.75"
CF10,946.5707352,"1,085.55"
CF11,"2,867.65","3,288.68"
CF14,"12,137.01","13,918.97"
CF15,"2,348.72","2,693.57"
CF23,"5,623.85","6,449.55"
CF24,"2,998.85","3,439.15"
CF3,"4,138.22","4,745.80"
CF31,"9,971.15","11,435.12"
CF32,"3,136.57","3,597.08"
CF33,"2,773.71","3,180.95"
CF34,"4,096.46","4,697.90"
CF35,"3,317.96","3,805.10"
CF36,"4,133.79","4,740.72"
CF37,"2,188.90","2,510.27"
CF38,"1,548.71","1,776.09"
CF39,"1,552.01","1,779.88"
CF40,656.3555234,752.722313
CF41,316.6766554,363.171446
CF42,374.6091904,429.6096951
CF43,792.1755911,908.483622
CF44,"1,712.45","1,963.87"
CF45,"3,640.84","4,175.39"
CF46,"1,139.27","1,306.53"
CF47,"3,755.45","4,306.83"
CF48,"4,258.39","4,883.61"
CF5,"9,832.82","11,276.49"
CF61,"1,379.32","1,581.83"
CF62,"3,923.60","4,499.66"
CF63,"1,903.19","2,182.62"
CF64,"3,121.63","3,579.95"
CF71,"1,701.53","1,951.35"
CF72,"5,373.64","6,162.60"
CF81,"1,573.18","1,804.16"
CF82,"1,672.72","1,918.31"
CF83,"6,076.57","6,968.74"
CH1,"5,491.71","6,298.01"
CH2,"9,233.04","10,588.64"
CH3,"7,982.71","9,154.74"
CH4,"8,291.39","9,508.75"
CH41,"1,941.11","2,226.11"
CH42,"4,211.23","4,829.53"
CH43,"3,947.70","4,527.30"
CH44,"3,644.97","4,180.13"
CH45,"4,661.69","5,346.12"
CH46,"2,894.85","3,319.88"
CH47,"2,679.82","3,073.28"
CH48,"2,793.38","3,203.50"
CH49,"3,843.05","4,407.30"
CH5,"19,243.29","22,068.61"
CH6,"4,411.96","5,059.73"
CH60,"4,606.26","5,282.55"
CH61,"4,472.59","5,129.26"
CH62,"2,044.91","2,345.14"
CH63,"5,123.08","5,875.26"
CH64,"10,244.88","11,749.05"
CH65,"2,724.26","3,124.24"
CH66,"8,896.63","10,202.84"
CH7,"16,371.83","18,775.56"
CH8,"10,826.54","12,416.10"
CM0,"4,680.20","5,367.35"
CM1,"7,517.25","8,620.94"
CM11,"1,694.67","1,943.48"
CM12,"2,755.06","3,159.56"
CM13,"3,614.94","4,145.68"
CM14,"1,307.37","1,499.32"
CM15,"4,105.92","4,708.75"
CM16,"6,165.72","7,070.98"
CM17,"2,713.40","3,111.79"
CM18,810.0322697,928.9620364
CM19,"1,683.06","1,930.17"
CM2,"11,329.95","12,993.42"
CM20,"5,659.11","6,489.99"
CM21,"3,509.29","4,024.52"
CM22,"3,390.02","3,887.75"
CM23,"9,780.60","11,216.60"
CM24,"2,575.44","2,953.57"
CM3,"10,163.19","11,655.36"
CM4,"3,388.84","3,886.39"
CM5,"3,866.10","4,433.72"
CM6,"7,192.19","8,248.15"
CM7,"6,437.32","7,382.45"
CM77,"2,853.38","3,272.32"
CM8,"4,772.04","5,472.67"
CM9,"9,686.15","11,108.29"
CO1,"4,489.73","5,148.92"
CO10,"10,792.12","12,376.63"
CO11,"1,248.36","1,431.64"
CO12,"2,677.59","3,070.72"
CO13,571.1376153,654.9926244
CO14,288.0679836,330.3624197
CO15,"3,760.95","4,313.13"
CO16,"3,705.67","4,249.74"
CO2,"5,201.51","5,965.20"
CO3,"3,669.01","4,207.70"
CO4,"6,081.96","6,974.92"
CO5,"8,185.33","9,387.11"
CO6,"6,897.57","7,910.28"
CO7,"6,541.70","7,502.16"
CO8,"1,597.28","1,831.79"
CO9,"7,819.43","8,967.49"
CR0,"7,868.29","9,023.52"
CR2,"3,306.56","3,792.03"
CR3,"8,537.06","9,790.48"
CR4,"2,917.01","3,345.29"
CR5,"4,125.31","4,731.00"
CR6,714.173794,819.0295212
CR7,733.3720299,841.0464617
CR8,"1,868.25","2,142.55"
CT1,"6,052.53","6,941.16"
CT10,"2,182.07","2,502.44"
CT11,"1,661.89","1,905.89"
CT12,"3,325.19","3,813.40"
CT13,"2,506.55","2,874.56"
CT14,"10,385.88","11,910.74"
CT15,"3,471.83","3,981.57"
CT16,"5,807.42","6,660.07"
CT17,"4,595.49","5,270.21"
CT18,"2,040.02","2,339.53"
CT19,"6,336.57","7,266.91"
CT2,"2,286.61","2,622.34"
CT20,"4,181.71","4,795.67"
CT21,"1,837.84","2,107.68"
CT3,"5,924.65","6,794.52"
CT4,"3,784.62","4,340.29"
CT5,"8,245.17","9,455.73"
CT6,"11,778.93","13,508.33"
CT7,"2,186.18","2,507.15"
CT8,"1,137.85","1,304.91"
CT9,"5,059.56","5,802.41"
CV1,"2,222.60","2,548.92"
CV10,"4,706.26","5,397.24"
CV11,"5,993.40","6,873.36"
CV12,"1,950.77","2,237.18"
CV13,"1,463.01","1,677.81"
CV2,"3,054.10","3,502.50"
CV21,"5,366.08","6,153.93"
CV22,"5,532.24","6,344.48"
CV23,"3,309.77","3,795.71"
CV3,"4,470.73","5,127.13"
CV31,"5,223.53","5,990.45"
CV32,"8,925.60","10,236.06"
CV33,"1,907.59","2,187.67"
CV34,"4,165.48","4,777.06"
CV35,"5,691.02","6,526.58"
CV36,"2,778.02","3,185.90"
CV37,"8,964.11","10,280.23"
CV4,"5,978.36","6,856.11"
CV47,"3,723.45","4,270.13"
CV5,"6,781.95","7,777.69"
CV6,"8,130.20","9,323.88"
CV7,"6,134.45","7,035.12"
CV8,"6,494.66","7,448.21"
CV9,"5,778.95","6,627.43"
CW1,"10,450.04","11,984.32"
CW10,"1,558.10","1,786.86"
CW11,"4,720.85","5,413.97"
CW12,"14,281.83","16,378.70"
CW2,"5,216.63","5,982.54"
CW3,"1,899.78","2,178.70"
CW4,"2,465.65","2,827.66"
CW5,"12,470.86","14,301.84"
CW6,"4,186.40","4,801.06"
CW7,"4,375.18","5,017.55"
CW8,"2,643.52","3,031.65"
CW9,"3,386.55","3,883.77"
DA1,"5,557.53","6,373.50"
DA10,742.2524364,851.2306987
DA11,"5,816.88","6,670.92"
DA12,"1,277.14","1,464.66"
DA13,"4,301.47","4,933.02"
DA14,"7,220.16","8,280.24"
DA15,"1,968.10","2,257.06"
DA16,"1,873.77","2,148.88"
DA17,884.1401587,"1,013.95"
DA18,229.8993912,263.653455
DA2,"2,691.98","3,087.22"
DA3,"6,060.51","6,950.32"
DA4,"1,863.03","2,136.57"
DA5,"2,253.98","2,584.91"
DA6,777.4546634,891.6013526
DA7,"2,033.56","2,332.13"
DA8,"1,593.82","1,827.82"
DA9,"1,316.61","1,509.92"
DD1,727.3410374,834.1299928
DD10,"8,883.80","10,188.13"
DD11,"3,723.40","4,270.08"
DD2,"5,275.84","6,050.44"
DD3,"4,079.35","4,678.29"
DD4,"5,112.44","5,863.06"
DD5,"10,108.75","11,592.93"
DD6,"2,566.27","2,943.05"
DD7,"3,494.08","4,007.08"
DD8,"9,621.43","11,034.05"
DD9,"1,703.21","1,953.28"
DE1,"5,920.05","6,789.23"
DE11,"4,801.56","5,506.53"
DE12,"2,670.91","3,063.06"
DE13,"16,085.40","18,447.08"
DE14,"7,413.08","8,501.47"
DE15,"6,439.18","7,384.59"
DE21,"8,415.56","9,651.14"
DE22,"4,334.05","4,970.38"
DE23,"6,778.23","7,773.42"
DE24,"6,904.85","7,918.63"
DE3,"4,674.75","5,361.11"
DE4,"13,620.43","15,620.19"
DE45,"3,253.45","3,731.12"
DE5,"6,389.44","7,327.55"
DE55,"6,609.43","7,579.84"
DE56,"11,742.38","13,466.41"
DE6,"8,446.02","9,686.08"
DE65,"11,200.86","12,845.38"
DE7,"6,909.45","7,923.91"
DE72,"1,474.45","1,690.93"
DE73,"1,328.60","1,523.66"
DE74,"2,864.62","3,285.20"
DE75,"4,530.82","5,196.04"
DG1,"9,362.13","10,736.69"
DG10,"1,006.41","1,154.17"
DG11,"9,248.37","10,606.23"
DG12,"6,063.96","6,954.28"
DG13,"2,884.36","3,307.85"
DG14,599.5871965,687.6192023
DG16,"1,292.46","1,482.22"
DG2,"2,969.02","3,404.93"
DG3,"5,260.64","6,033.01"
DG4,"4,610.97","5,287.96"
DG5,"2,257.16","2,588.56"
DG6,"1,073.74","1,231.39"
DG7,"8,017.77","9,194.95"
DG8,"5,182.62","5,943.54"
DG9,"5,006.77","5,741.87"
DH1,"7,273.57","8,341.49"
DH2,"7,102.07","8,144.81"
DH3,"6,087.88","6,981.71"
DH4,"3,403.99","3,903.76"
DH5,"1,605.91","1,841.69"
DH6,"2,894.72","3,319.73"
DH7,"5,445.26","6,244.74"
DH8,"3,319.79","3,807.20"
DH9,"2,214.92","2,540.12"
DL1,"4,325.36","4,960.41"
DL10,"4,991.93","5,724.85"
DL11,"4,997.15","5,730.84"
DL12,"5,146.72","5,902.37"
DL13,"1,434.25","1,644.82"
DL14,"7,011.67","8,041.13"
DL15,"2,301.18","2,639.04"
DL16,"1,896.75","2,175.23"
DL17,"1,239.95","1,422.01"
DL2,"5,781.23","6,630.03"
DL3,"3,330.21","3,819.16"
DL4,"1,085.16","1,244.48"
DL5,"3,541.50","4,061.47"
DL6,"8,231.44","9,439.99"
DL7,"5,152.86","5,909.41"
DL8,"17,391.45","19,944.88"
DL9,"2,396.61","2,748.48"
DN1,"1,081.87","1,240.71"
DN10,"1,878.00","2,153.73"
DN11,"1,525.30","1,749.25"
DN12,"1,488.25","1,706.76"
DN14,"8,491.64","9,738.39"
DN15,"11,894.21","13,640.53"
DN16,"2,754.43","3,158.83"
DN17,"6,191.90","7,101.00"
DN18,"2,722.57","3,122.30"
DN19,"1,340.90","1,537.77"
DN2,"3,114.75","3,572.07"
DN20,"3,336.42","3,826.27"
DN21,"2,133.50","2,446.74"
DN22,"6,219.46","7,132.61"
DN3,"2,713.22","3,111.58"
DN31,"2,687.16","3,081.69"
DN32,"4,208.56","4,826.46"
DN33,"1,374.15","1,575.90"
DN34,"1,807.44","2,072.81"
DN35,"2,884.11","3,307.56"
DN36,"3,494.52","4,007.59"
DN37,"2,598.89","2,980.46"
DN38,557.2350794,639.0489039
DN39,"1,005.95","1,153.64"
DN4,"3,998.06","4,585.06"
DN40,"1,582.59","1,814.95"
DN41,"1,107.78","1,270.42"
DN5,"3,907.60","4,481.32"
DN6,"4,120.62","4,725.62"
DN7,"1,119.67","1,284.06"
DN8,"2,682.93","3,076.84"
DN9,"5,185.17","5,946.46"
DT1,"7,366.59","8,448.16"
DT10,"6,975.27","7,999.38"
DT11,"14,299.10","16,398.51"
DT2,"7,906.91","9,067.81"
DT3,"6,710.04","7,695.21"
DT4,"7,915.23","9,077.35"
DT5,"3,233.55","3,708.30"
DT6,"6,841.76","7,846.28"
DT7,640.3044208,734.314571
DT8,"3,015.24","3,457.94"
DT9,"7,443.02","8,535.81"
DY1,"3,904.08","4,477.28"
DY10,"8,889.61","10,194.80"
DY11,"4,700.90","5,391.09"
DY12,"2,943.81","3,376.03"
DY13,"4,345.61","4,983.64"
DY14,"4,113.68","4,717.66"
DY2,"4,101.55","4,703.74"
DY3,"3,040.57","3,486.99"
DY4,"2,773.11","3,180.26"
DY5,"2,772.18","3,179.19"
DY6,"1,517.62","1,740.43"
DY7,"1,534.30","1,759.56"
DY8,"5,536.38","6,349.24"
DY9,"5,365.07","6,152.78"
E1,"1,328.87","1,523.98"
E10,"1,359.32","1,558.89"
E11,"4,527.03","5,191.69"
E12,849.2831447,973.9757651
E13,679.8403122,779.6551625
E14,"2,887.55","3,311.50"
E15,"1,589.64","1,823.03"
E16,"2,128.12","2,440.57"
E17,"2,797.08","3,207.75"
E18,"1,349.43","1,547.56"
E1W,296.7000796,340.2618889
E2,"1,085.51","1,244.89"
E20,168.3896751,193.1128195
E3,"3,112.69","3,569.70"
E4,"7,067.58","8,105.25"
E5,623.2315145,714.7350032
E6,"2,192.72","2,514.66"
E7,"1,361.08","1,560.91"
E8,"1,163.15","1,333.93"
E9,728.5581177,835.525766
EC1A,25.70275297,29.47645746
EC1M,57.39571905,65.82261726
EC1N,45.30755861,51.95966072
EC1R,194.5836063,223.1525705
EC1V,406.1526696,465.7844202
EC1Y,95.16930012,109.1421541
EC2A,159.7906648,183.2512937
EC2M,26.60012038,30.50557728
EC2N,8.401395157,9.634896591
EC2P,0.567534514,0.650860512
EC2R,12.9850795,14.89156216
EC2V,9.659814098,11.07807789
EC2Y,19.36708103,22.21057568
EC3A,11.58143722,13.28183569
EC3M,16.89775454,19.37870016
EC3N,26.76676111,30.69668437
EC3R,16.79193167,19.25734026
EC3V,12.68742949,14.55021087
EC4A,12.78568618,14.6628937
EC4M,8.829240054,10.12555811
EC4N,10.03052631,11.50321845
EC4R,8.084164462,9.271089761
EC4V,17.62160961,20.20883237
EC4Y,26.42268301,30.30208837
EH1,986.0729724,"1,130.85"
EH10,"5,186.52","5,948.01"
EH11,"4,852.83","5,565.33"
EH12,"3,963.05","4,544.91"
EH13,"1,887.80","2,164.96"
EH14,"4,719.37","5,412.28"
EH15,"3,492.38","4,005.14"
EH16,"4,160.17","4,770.98"
EH17,"2,727.03","3,127.41"
EH18,975.2033322,"1,118.38"
EH19,"3,174.02","3,640.04"
EH2,578.1106473,662.9894441
EH20,"5,294.38","6,071.71"
EH21,"6,222.06","7,135.58"
EH22,"5,043.98","5,784.55"
EH23,"4,659.49","5,343.60"
EH24,429.5869849,492.6593856
EH25,"7,489.82","8,589.49"
EH26,"3,873.33","4,442.02"
EH27,205.8667618,236.0923305
EH28,"1,656.58","1,899.80"
EH29,"2,529.41","2,900.78"
EH3,"3,360.03","3,853.35"
EH30,"2,504.63","2,872.36"
EH31,"1,226.28","1,406.32"
EH32,"5,449.72","6,249.86"
EH33,"5,495.20","6,302.01"
EH34,780.1143994,894.6515938
EH35,563.7288966,646.4961501
EH36,95.28978749,109.2803316
EH37,300.1991533,344.2747002
EH38,256.7490794,294.4452419
EH39,"4,152.06","4,761.67"
EH4,"8,242.26","9,452.40"
EH40,375.1562981,430.2371297
EH41,"1,776.37","2,037.18"
EH42,"2,923.75","3,353.02"
EH43,276.2751144,316.8381094
EH44,998.2337518,"1,144.80"
EH45,"4,564.22","5,234.34"
EH46,807.1818934,925.693165
EH47,"1,103.24","1,265.22"
EH48,"1,756.39","2,014.27"
EH49,"2,561.79","2,937.91"
EH5,"2,760.78","3,166.12"
EH51,"2,103.61","2,412.47"
EH52,"1,672.42","1,917.97"
EH53,"1,096.00","1,256.92"
EH54,"7,343.58","8,421.77"
EH55,"2,098.82","2,406.97"
EH6,"5,783.16","6,632.25"
EH7,"2,480.70","2,844.92"
EH8,"1,574.90","1,806.13"
EH9,"2,848.25","3,266.44"
EN1,"4,671.42","5,357.28"
EN10,"4,950.58","5,677.43"
EN11,"3,763.15","4,315.66"
EN2,"2,665.96","3,057.38"
EN3,"4,510.28","5,172.48"
EN4,"2,488.66","2,854.05"
EN5,"2,989.10","3,427.96"
EN6,"14,096.19","16,165.81"
EN7,"3,037.11","3,483.02"
EN8,"3,824.16","4,385.63"
EN9,"4,890.29","5,608.29"
EX1,"2,874.25","3,296.25"
EX10,"5,868.88","6,730.56"
EX11,"2,670.28","3,062.34"
EX12,"3,679.21","4,219.39"
EX13,"4,253.91","4,878.47"
EX14,"7,337.47","8,414.77"
EX15,"10,716.45","12,289.85"
EX16,"10,815.58","12,403.54"
EX17,"8,836.08","10,133.41"
EX18,717.3283622,822.6472464
EX19,"1,966.24","2,254.93"
EX2,"5,393.10","6,184.93"
EX20,"9,732.79","11,161.77"
EX21,"2,202.67","2,526.07"
CA95,0,0
CA99,0,0
CF91,0,0
CF95,0,0
CF99,0,0
CH70,0,0
CH88,0,0
CH99,0,0
CM92,0,0
CM98,0,0
CR9,0,0
CT50,0,0
DE99,0,0
DH97,0,0
DH99,0,0
DL98,0,0
DN55,0,0
E98,0,0
EC3P,0,0
EH91,0,0
EH99,0,0
EX22,"9,646.04","11,062.28"
EX23,"8,605.79","9,869.30"
EX24,"1,265.77","1,451.61"
EX3,"1,008.37","1,156.42"
EX31,"18,944.44","21,725.89"
EX32,"5,566.01","6,383.22"
EX33,"4,226.12","4,846.60"
EX34,"10,215.26","11,715.08"
EX35,"1,894.17","2,172.28"
EX36,"6,928.58","7,945.84"
EX37,"1,191.90","1,366.90"
EX38,751.1651241,861.4519563
EX39,"18,206.69","20,879.82"
EX4,"8,283.86","9,500.10"
EX5,"4,436.85","5,088.27"
EX6,"9,513.85","10,910.69"
EX7,"1,842.98","2,113.56"
EX8,"9,302.39","10,668.17"
EX9,"2,095.85","2,403.57"
FK1,"3,200.40","3,670.28"
FK10,"2,982.90","3,420.86"
FK11,349.4417437,400.7471381
FK12,446.5137204,512.0713217
FK13,554.5425672,635.9610744
FK14,493.8418302,566.3481931
FK15,"4,435.18","5,086.35"
FK16,"1,116.13","1,280.00"
FK17,"1,838.50","2,108.43"
FK18,118.0526496,135.3852604
FK19,240.4474775,275.7502222
FK2,"5,888.59","6,753.16"
FK20,50.74555728,58.19607193
FK21,408.1057916,468.0243015
FK3,"1,011.60","1,160.13"
FK4,742.9779205,852.0626991
FK5,689.7897773,791.0654183
FK6,"2,123.57","2,435.35"
FK7,"10,236.43","11,739.35"
FK8,"4,047.52","4,641.78"
FK9,"2,036.49","2,335.49"
FY1,"1,882.36","2,158.73"
FY2,"1,903.21","2,182.64"
FY3,"1,971.65","2,261.13"
FY4,"2,561.56","2,937.65"
FY5,"7,398.65","8,484.93"
FY6,"6,462.93","7,411.82"
FY7,"2,611.65","2,995.09"
FY8,"8,630.87","9,898.06"
G1,"1,086.31","1,245.80"
G11,"3,255.78","3,733.80"
G12,"4,620.70","5,299.12"
G13,"6,478.03","7,429.14"
G14,"2,808.81","3,221.20"
G15,991.5909819,"1,137.18"
G2,"1,269.74","1,456.16"
G20,"2,869.05","3,290.28"
G21,"1,350.32","1,548.58"
G22,991.6947911,"1,137.30"
G23,327.8940625,376.0358043
G3,"3,897.77","4,470.05"
G31,"1,523.30","1,746.95"
G32,"1,578.56","1,810.32"
G33,"1,938.02","2,222.56"
G34,375.2141345,430.3034577
G4,950.4259882,"1,089.97"
G40,878.2933961,"1,007.25"
G41,"6,603.07","7,572.53"
G42,"2,997.68","3,437.81"
G43,"2,780.06","3,188.23"
G44,"2,011.14","2,306.42"
G45,"1,333.75","1,529.57"
G46,"1,696.66","1,945.77"
G5,"1,372.98","1,574.57"
G51,"4,743.28","5,439.70"
G52,"3,041.64","3,488.22"
G53,"2,798.53","3,209.42"
G60,237.7420995,272.6476378
G61,"6,267.68","7,187.90"
G62,"2,861.30","3,281.40"
G63,"2,933.42","3,364.11"
G64,"3,657.41","4,194.40"
G65,"2,069.04","2,372.82"
G66,"3,836.01","4,399.21"
G67,"3,315.23","3,801.97"
G68,"1,404.06","1,610.20"
G69,"1,767.85","2,027.40"
G71,"2,916.40","3,344.59"
G72,"4,597.68","5,272.71"
G73,"2,927.34","3,357.14"
G74,"2,410.48","2,764.39"
G75,"3,324.59","3,812.71"
G76,"5,434.89","6,232.84"
G77,"2,968.02","3,403.79"
G78,777.1515228,891.2537046
G81,"1,666.61","1,911.31"
G82,"4,133.83","4,740.76"
G83,"1,488.86","1,707.46"
G84,"3,558.65","4,081.13"
GL1,"2,724.50","3,124.51"
GL10,"4,342.17","4,979.70"
GL11,"6,550.20","7,511.90"
GL12,"3,198.77","3,668.41"
GL13,"2,435.71","2,793.33"
GL14,"3,136.22","3,596.69"
GL15,"7,441.48","8,534.05"
GL16,"2,807.10","3,219.24"
GL17,"1,801.31","2,065.78"
GL18,"1,987.58","2,279.40"
GL19,"2,840.48","3,257.52"
GL2,"17,387.35","19,940.18"
GL20,"11,095.88","12,724.99"
GL3,"6,841.78","7,846.30"
GL4,"8,674.47","9,948.06"
GL5,"10,318.32","11,833.26"
GL50,"7,303.54","8,375.86"
GL51,"12,272.01","14,073.80"
GL52,"10,163.26","11,655.44"
GL53,"2,945.78","3,378.29"
GL54,"7,763.21","8,903.02"
GL55,"2,173.93","2,493.11"
GL56,"6,147.62","7,050.22"
GL6,"4,598.20","5,273.31"
GL7,"13,099.64","15,022.94"
GL8,"4,494.97","5,154.93"
GL9,564.1375639,646.9648183
GU1,"7,286.19","8,355.95"
GU10,"5,936.92","6,808.59"
GU11,"2,508.74","2,877.08"
GU12,"4,072.93","4,670.93"
GU14,"8,896.13","10,202.27"
GU15,"6,123.17","7,022.18"
GU16,"3,387.44","3,884.79"
GU17,"1,936.98","2,221.37"
GU18,"1,071.17","1,228.44"
GU19,"1,344.95","1,542.42"
GU2,"5,991.63","6,871.32"
GU20,"1,490.57","1,709.42"
GU21,"8,051.98","9,234.19"
GU22,"3,872.16","4,440.67"
GU23,"1,273.06","1,459.98"
GU24,"4,133.92","4,740.87"
GU25,"1,303.50","1,494.88"
GU26,"2,884.91","3,308.48"
GU27,"4,166.30","4,778.00"
GU28,"2,353.91","2,699.52"
GU29,"4,091.96","4,692.75"
GU3,"4,157.59","4,768.01"
GU30,"3,669.01","4,207.69"
GU31,"4,211.78","4,830.15"
GU32,"3,658.23","4,195.34"
GU33,834.1904431,956.6671376
GU34,"6,322.17","7,250.40"
GU35,"5,444.82","6,244.24"
GU4,"2,449.29","2,808.90"
GU46,"4,043.90","4,637.63"
GU47,"2,938.00","3,369.36"
GU5,"1,297.48","1,487.98"
GU51,"5,019.08","5,755.99"
GU52,"1,990.66","2,282.94"
GU6,"5,358.42","6,145.15"
GU7,"11,928.87","13,680.28"
GU8,"6,718.16","7,704.53"
GU9,"7,375.64","8,458.54"
HA0,"1,216.33","1,394.92"
HA1,"1,766.23","2,025.55"
HA2,"1,593.34","1,827.27"
HA3,"3,131.27","3,591.00"
HA4,"5,612.34","6,436.35"
HA5,"6,948.73","7,968.95"
HA6,"3,393.24","3,891.44"
HA7,"6,888.06","7,899.37"
HA8,"3,032.70","3,477.97"
HA9,"1,228.00","1,408.29"
HD1,"2,993.31","3,432.80"
HD2,"3,099.15","3,554.17"
HD3,"3,082.79","3,535.41"
HD4,"4,441.77","5,093.91"
HD5,"2,168.41","2,486.78"
HD6,"6,148.23","7,050.92"
HD7,"1,908.41","2,188.60"
HD8,"5,216.96","5,982.92"
HD9,"3,935.70","4,513.54"
HG1,"6,241.91","7,158.35"
HG2,"4,858.41","5,571.72"
HG3,"5,833.01","6,689.42"
HG4,"13,353.93","15,314.57"
HG5,"3,569.90","4,094.03"
HP1,"3,412.99","3,914.09"
HP10,"3,938.84","4,517.14"
HP11,"2,435.35","2,792.91"
HP12,"3,295.47","3,779.31"
HP13,"4,088.73","4,689.04"
HP14,"6,196.93","7,106.77"
HP15,"1,111.39","1,274.56"
HP16,"1,820.19","2,087.43"
HP17,"1,915.64","2,196.90"
HP18,"4,384.23","5,027.93"
HP19,"2,310.17","2,649.35"
HP2,"4,945.28","5,671.36"
HP20,"2,423.02","2,778.78"
HP21,"4,291.68","4,921.79"
HP22,"9,806.05","11,245.78"
HP23,"1,682.79","1,929.85"
HP27,"3,829.32","4,391.55"
HP3,"2,750.90","3,154.79"
HP4,"4,069.10","4,666.53"
HP5,"4,656.20","5,339.83"
HP6,"2,667.83","3,059.52"
HP7,"2,014.83","2,310.65"
HP8,992.0333873,"1,137.68"
HP9,"3,512.87","4,028.63"
HR1,"7,408.24","8,495.92"
HR2,"10,964.42","12,574.23"
HR3,"4,931.50","5,655.55"
HR4,"5,582.77","6,402.44"
HR5,"1,625.44","1,864.09"
HR6,"9,286.59","10,650.05"
HR7,"1,418.49","1,626.75"
HR8,"3,948.53","4,528.26"
HR9,"5,163.29","5,921.37"
HS1,222.7431997,255.4465842
HS2,545.3931893,625.4683754
HS3,62.91797828,72.15566024
HS4,14.13866796,16.21452165
HS5,12.70255271,14.5675545
HS6,554.7357631,636.1826354
HS7,357.1438878,409.5801189
HS8,579.7433102,664.8618162
HS9,"1,497.12","1,716.93"
HU1,"1,714.07","1,965.74"
HU10,"7,017.54","8,047.86"
HU11,"2,949.87","3,382.97"
HU12,"6,395.37","7,334.34"
HU13,"1,719.62","1,972.10"
HU14,"5,004.44","5,739.20"
HU15,"6,024.07","6,908.53"
HU16,"5,208.08","5,972.74"
HU17,"7,804.14","8,949.95"
HU18,"1,611.70","1,848.33"
HU19,742.7430628,851.7933593
HU2,"1,051.71","1,206.12"
HU20,330.799994,379.3683877
HU3,"6,038.70","6,925.31"
HU4,"2,130.63","2,443.45"
HU5,"7,539.32","8,646.25"
HU6,"5,532.39","6,344.66"
HU7,"2,783.17","3,191.80"
HU8,"4,800.99","5,505.88"
HU9,"8,027.76","9,206.41"
HX1,"4,747.63","5,444.68"
HX2,"6,069.30","6,960.40"
HX3,"8,383.57","9,614.46"
HX4,"8,189.60","9,392.01"
HX5,"2,700.73","3,097.25"
HX6,"7,906.70","9,067.57"
HX7,"1,926.78","2,209.68"
IG1,"1,538.93","1,764.87"
IG10,"2,422.47","2,778.14"
IG11,"1,890.60","2,168.18"
IG2,"1,078.34","1,236.66"
IG3,"1,730.85","1,984.98"
IG4,560.9004283,643.2524031
IG5,858.2545429,984.2643531
IG6,"1,002.11","1,149.25"
IG7,865.0561956,992.0646314
IG8,"4,093.07","4,694.02"
IG9,"1,897.10","2,175.63"
IP1,"4,781.31","5,483.31"
IP10,"1,207.51","1,384.80"
IP11,"4,841.90","5,552.79"
IP12,"6,140.72","7,042.31"
IP13,"6,368.00","7,302.95"
IP14,"14,363.59","16,472.47"
IP15,279.206259,320.1996077
IP16,476.1458754,546.0541
IP17,"3,053.88","3,502.25"
IP18,"3,282.19","3,764.09"
IP19,"3,005.69","3,446.99"
IP2,"4,529.75","5,194.81"
IP20,"3,598.45","4,126.77"
IP21,"5,272.73","6,046.88"
IP22,"8,274.64","9,489.54"
IP23,"3,738.49","4,287.38"
IP24,"5,553.24","6,368.58"
IP25,"2,480.44","2,844.63"
IP26,"1,128.79","1,294.52"
IP27,"2,511.38","2,880.11"
IP28,"5,563.51","6,380.35"
IP29,"4,724.84","5,418.55"
IP3,"6,694.73","7,677.66"
IP30,"1,504.04","1,724.87"
IP31,"4,841.02","5,551.78"
IP32,"4,358.96","4,998.95"
IP33,"2,689.76","3,084.67"
IP4,"4,373.49","5,015.61"
IP5,"4,335.76","4,972.34"
IP6,"2,696.59","3,092.50"
IP7,"3,057.79","3,506.74"
IP8,"3,225.08","3,698.59"
IP9,"6,578.10","7,543.90"
IV1,409.6369681,469.7802869
IV10,191.8587164,220.0276095
IV11,68.10213585,78.10096112
IV12,"2,515.26","2,884.56"
IV13,113.6251286,130.3076863
IV14,332.6850179,381.5301727
IV15,906.1478062,"1,039.19"
IV16,786.8012446,902.3202084
IV17,"3,965.18","4,547.35"
IV18,"4,706.82","5,397.87"
IV19,"3,398.05","3,896.96"
IV2,"8,636.35","9,904.35"
IV20,756.8448276,867.9655597
IV21,"1,230.99","1,411.73"
IV22,"1,660.02","1,903.74"
IV23,349.4388192,400.7437842
IV24,885.6385328,"1,015.67"
IV25,"1,435.06","1,645.75"
IV26,393.8569452,451.6834249
IV27,"1,375.86","1,577.86"
IV28,159.6611931,183.1028128
IV3,"3,382.71","3,879.36"
IV30,"6,134.72","7,035.43"
IV31,"1,171.67","1,343.69"
IV32,761.0590615,872.7985316
IV36,"5,382.21","6,172.43"
IV4,710.5222778,814.8418857
IV40,489.8259863,561.7427388
IV41,58.55161306,67.1482208
IV42,143.3031003,164.3430082
IV43,84.13915765,96.49255487
IV44,105.7358109,121.2600509
IV45,90.88688968,104.2309958
IV46,34.42312423,39.47716256
IV47,149.0245841,170.904526
IV48,17.82903198,20.4467087
IV49,365.3367126,418.9758226
IV5,221.5527144,254.0813107
IV51,"2,117.83","2,428.77"
IV52,70.87460721,81.28048956
IV53,25.1692837,28.86466369
IV54,397.3845877,455.7289995
IV55,687.167861,788.0585495
IV56,185.4044018,212.6256658
IV6,662.7202919,760.0215633
IV63,470.2066581,539.2428808
IV7,813.0519087,932.4250219
IV8,62.63566868,71.83190165
IV9,90.95747481,104.3119443
KA1,"2,411.74","2,765.84"
KA10,"2,677.90","3,071.07"
KA11,"1,037.99","1,190.39"
KA12,"6,569.10","7,533.58"
KA13,"4,380.10","5,023.19"
KA14,103.5995234,118.8101114
KA15,900.5507052,"1,032.77"
KA16,437.6443735,501.8997683
KA17,549.0681918,629.6829456
KA18,"4,291.88","4,922.01"
KA19,"4,963.32","5,692.04"
KA2,"1,097.49","1,258.62"
KA20,"1,204.22","1,381.02"
KA21,"1,107.97","1,270.64"
KA22,"1,008.07","1,156.08"
KA23,"4,748.33","5,445.48"
KA24,"1,437.21","1,648.23"
KA25,851.5670533,976.5949995
KA26,"3,313.89","3,800.44"
KA27,856.114645,981.8102732
KA28,529.914379,607.7169504
KA29,307.5311105,352.6831429
KA3,"1,891.88","2,169.64"
KA30,"2,415.83","2,770.52"
KA4,685.322397,785.9421326
KA5,"5,433.69","6,231.47"
KA6,"1,412.65","1,620.05"
KA7,"4,620.26","5,298.61"
KA8,"2,818.12","3,231.88"
KA9,"2,927.33","3,357.12"
KT1,"2,082.03","2,387.71"
KT10,"2,486.32","2,851.36"
KT11,"2,525.63","2,896.44"
KT12,"5,578.78","6,397.87"
KT13,"3,536.31","4,055.51"
KT14,"1,196.61","1,372.30"
KT15,"2,559.82","2,935.66"
KT16,"1,720.64","1,973.26"
KT17,"4,185.22","4,799.69"
KT18,"2,470.59","2,833.33"
KT19,"4,373.06","5,015.12"
KT2,"2,803.35","3,214.94"
KT20,"2,498.29","2,865.09"
KT21,991.6787656,"1,137.28"
KT22,"2,180.20","2,500.30"
KT23,"1,778.64","2,039.78"
KT24,"3,025.60","3,469.82"
KT3,"3,848.63","4,413.69"
KT4,"3,621.58","4,153.30"
KT5,"1,252.60","1,436.50"
KT6,"2,094.57","2,402.10"
KT7,"1,270.49","1,457.02"
KT8,"2,702.84","3,099.68"
KT9,"1,484.39","1,702.32"
KW1,"2,983.34","3,421.36"
KW10,442.6818024,507.6767976
KW11,50.91481446,58.39017962
KW12,539.0541581,618.1986412
KW13,37.2069798,42.66974665
KW14,"4,320.72","4,955.09"
KW15,"6,624.88","7,597.55"
KW16,"4,115.56","4,719.81"
KW17,"5,387.24","6,178.20"
KW2,21.88073339,25.09328506
KW3,281.7705586,323.1404003
KW5,87.52637892,100.3770914
KW6,110.3816636,126.5880124
KW7,38.87729249,44.58529635
KW8,275.9046692,316.413275
KW9,532.2466865,610.3916896
KY1,"7,941.92","9,107.97"
KY10,"3,002.17","3,442.95"
KY11,"4,265.00","4,891.19"
KY12,"2,444.75","2,803.69"
KY13,"4,240.43","4,863.02"
KY14,"2,808.49","3,220.84"
KY15,"8,829.94","10,126.36"
KY16,"5,187.22","5,948.81"
KY2,"3,613.66","4,144.22"
KY3,"4,722.69","5,416.08"
KY4,"5,767.36","6,614.13"
KY5,"2,443.89","2,802.70"
KY6,"3,276.86","3,757.97"
KY7,"3,471.95","3,981.71"
KY8,"6,768.45","7,762.21"
KY9,810.2482672,929.2097469
L1,698.5790478,801.1451385
L10,"2,104.45","2,413.43"
L11,"1,415.53","1,623.36"
L12,"2,517.02","2,886.58"
L13,"2,122.63","2,434.28"
L14,"2,977.20","3,414.31"
L15,"1,794.10","2,057.52"
L16,"1,055.71","1,210.71"
L17,"2,114.37","2,424.80"
L18,"5,025.04","5,762.83"
L19,"6,333.39","7,263.27"
L2,208.5446202,239.1633547
L20,"1,649.61","1,891.81"
L21,955.4608421,"1,095.74"
L22,292.5946695,335.5537183
L23,765.5264139,877.9217853
L24,"1,548.89","1,776.30"
L25,"2,830.00","3,245.50"
L26,"1,088.91","1,248.78"
L27,444.2013858,509.4194877
L28,274.6968929,315.0281718
L29,47.2057108,54.13650156
L3,848.672667,973.2756563
L30,"1,472.58","1,688.78"
L31,"2,641.95","3,029.84"
L32,"2,457.40","2,818.20"
L33,"1,714.21","1,965.89"
L34,"1,016.78","1,166.07"
L35,"1,790.90","2,053.84"
L36,"2,795.40","3,205.83"
L37,"4,410.69","5,058.27"
L38,769.7296807,882.74218
L39,"2,808.58","3,220.94"
L4,"2,117.10","2,427.94"
L40,"5,031.15","5,769.83"
L5,951.8876727,"1,091.64"
L6,"1,488.43","1,706.97"
L7,"1,185.41","1,359.45"
L8,"1,747.94","2,004.58"
L9,"2,446.50","2,805.69"
LA1,"9,866.94","11,315.61"
LA10,"1,751.13","2,008.24"
LA11,"3,088.65","3,542.13"
LA12,"5,384.48","6,175.04"
LA13,"3,385.08","3,882.08"
LA14,"4,026.89","4,618.12"
LA15,668.8776299,767.082928
LA16,370.8698362,425.3213251
LA17,"1,341.85","1,538.87"
LA18,"3,739.64","4,288.70"
FY0,0,0
G58,0,0
G70,0,0
G79,0,0
G90,0,0
GU95,0,0
IP98,0,0
IV99,0,0
KY99,0,0
L67,0,0
L69,0,0
L70,0,0
L71,0,0
L72,0,0
L74,0,0
L75,0,0
LA19,422.6367252,484.6886817
LA2,"7,080.55","8,120.13"
LA20,"1,598.11","1,832.74"
LA21,569.5943639,653.2227913
LA22,"2,000.36","2,294.06"
LA23,"2,271.27","2,604.75"
LA3,"2,876.19","3,298.47"
LA4,"2,390.02","2,740.93"
LA5,"5,745.76","6,589.36"
LA6,"12,567.39","14,412.55"
LA7,"1,216.48","1,395.08"
LA8,"2,533.14","2,905.06"
LA9,"9,449.51","10,836.90"
LD1,"5,191.46","5,953.68"
LD2,"1,482.91","1,700.64"
LD3,"9,746.56","11,177.56"
LD4,188.2139786,215.8477475
LD5,329.1483106,377.4742024
LD6,752.1821214,862.6182702
LD7,"2,703.86","3,100.84"
LD8,995.9195824,"1,142.14"
LE1,879.9994493,"1,009.20"
LE10,"6,058.64","6,948.17"
LE11,"2,875.72","3,297.94"
LE12,"11,647.37","13,357.45"
LE13,"5,774.60","6,622.44"
LE14,"4,184.14","4,798.45"
LE15,"16,244.53","18,629.57"
LE16,"12,013.15","13,776.94"
LE17,"2,787.45","3,196.70"
LE18,"5,210.49","5,975.50"
LE19,"1,953.86","2,240.73"
LE2,"10,465.19","12,001.70"
LE3,"8,000.03","9,174.60"
LE4,"3,273.27","3,753.85"
LE5,"2,781.37","3,189.73"
LE6,807.474248,926.0284434
LE65,"2,086.96","2,393.38"
LE67,"5,370.49","6,158.99"
LE7,"2,307.41","2,646.19"
LE8,"5,456.69","6,257.85"
LE9,"5,640.78","6,468.96"
LL11,"5,706.85","6,544.74"
LL12,"8,451.14","9,691.94"
LL13,"10,965.85","12,575.87"
LL14,"3,924.64","4,500.86"
LL15,"7,618.96","8,737.59"
LL16,"11,799.09","13,531.44"
LL17,820.1765757,940.5957398
LL18,"6,051.11","6,939.53"
LL19,"3,200.67","3,670.60"
LL20,"2,176.45","2,496.00"
LL21,"2,346.91","2,691.49"
LL22,"4,289.65","4,919.46"
LL23,"8,233.15","9,441.95"
LL24,"1,388.59","1,592.46"
LL25,366.2275697,419.9974763
LL26,"2,431.70","2,788.72"
LL27,513.5957435,589.0023961
LL28,"2,888.00","3,312.02"
LL29,"5,000.79","5,735.01"
LL30,"6,082.60","6,975.66"
LL31,"4,080.64","4,679.76"
LL32,"2,669.66","3,061.62"
LL33,"1,840.10","2,110.26"
LL34,"2,158.96","2,475.95"
LL35,749.4604297,859.4969769
LL36,"3,806.78","4,365.70"
LL37,901.7946772,"1,034.20"
LL38,532.5392224,610.727176
LL39,154.137729,176.7683881
LL40,"2,498.76","2,865.63"
LL41,"3,771.46","4,325.19"
LL42,"1,482.04","1,699.63"
LL43,256.874941,294.5895827
LL44,554.4860036,635.8962061
LL45,393.094968,450.8095734
LL46,"1,274.30","1,461.40"
LL47,81.46600744,93.42693001
LL48,295.3373079,338.6990336
LL49,604.4542256,693.2008136
LL51,100.2750948,114.9975869
LL52,331.4898309,380.1595071
LL53,"2,239.19","2,567.95"
LL54,"1,985.41","2,276.91"
LL55,"3,993.83","4,580.21"
LL56,452.2012572,518.5939085
LL57,"5,820.45","6,675.01"
LL58,"1,244.89","1,427.66"
LL59,"1,583.90","1,816.45"
LL60,"1,221.54","1,400.88"
LL61,"1,843.11","2,113.72"
LL62,967.440504,"1,109.48"
LL63,861.4435286,987.9215489
LL64,973.2110672,"1,116.10"
LL65,"9,503.03","10,898.28"
LL66,104.6987666,120.0707466
LL67,582.3563303,667.8584826
LL68,"2,361.77","2,708.52"
LL69,295.3294395,338.69001
LL70,126.1980397,144.7265651
LL71,742.8678906,851.9365145
LL72,404.0854582,463.4136987
LL73,117.5853504,134.8493519
LL74,792.0197701,908.3049232
LL75,481.2110455,551.8629436
LL76,70.70154318,81.08201609
LL77,"1,986.92","2,278.65"
LL78,129.3340055,148.3229565
LN1,"6,168.13","7,073.74"
LN10,"1,436.16","1,647.02"
LN11,"8,590.74","9,852.04"
LN12,"2,357.01","2,703.07"
LN13,"1,987.44","2,279.24"
LN2,"4,674.06","5,360.31"
LN3,"1,827.95","2,096.33"
LN4,"9,577.08","10,983.19"
LN5,"3,441.57","3,946.86"
LN6,"7,458.14","8,553.15"
LN7,745.1740403,854.5812554
LN8,"6,135.16","7,035.93"
LN9,"1,598.91","1,833.66"
LS1,401.2131436,460.1196679
LS10,"2,043.72","2,343.78"
LS11,"1,752.33","2,009.61"
LS12,"8,539.14","9,792.87"
LS13,"4,427.49","5,077.54"
LS14,"1,457.41","1,671.38"
LS15,"2,047.20","2,347.77"
LS16,"10,033.16","11,506.24"
LS17,"12,758.48","14,631.69"
LS18,"5,238.07","6,007.12"
LS19,"2,488.49","2,853.86"
LS2,443.2131647,508.2861751
LS20,"2,099.05","2,407.24"
LS21,"6,583.27","7,549.84"
LS22,"3,756.91","4,308.50"
LS23,"2,650.51","3,039.66"
LS24,"1,915.97","2,197.27"
LS25,"6,593.52","7,561.58"
LS26,"4,030.61","4,622.38"
LS27,"13,388.50","15,354.21"
LS28,"7,763.99","8,903.91"
LS29,"6,804.54","7,803.59"
LS3,195.3234421,224.0010298
LS4,381.1515103,437.1125651
LS5,706.4832507,810.2098445
LS6,"5,519.47","6,329.85"
LS7,"3,975.34","4,559.00"
LS8,"2,966.42","3,401.96"
LS9,"1,380.22","1,582.87"
LU1,"3,537.79","4,057.21"
LU2,"5,654.75","6,484.98"
LU3,"5,718.93","6,558.59"
LU4,"2,559.90","2,935.74"
LU5,"3,511.92","4,027.55"
LU6,"2,287.76","2,623.66"
LU7,"10,467.95","12,004.87"
M1,462.4768799,530.3782087
M11,686.9936689,787.8587824
M12,399.0288278,457.6146486
M13,693.0870898,794.8468455
M14,"3,437.19","3,941.84"
M15,"1,743.89","1,999.93"
M16,"4,122.59","4,727.88"
M17,152.1643354,174.5052588
M18,"1,095.09","1,255.87"
M19,"1,515.38","1,737.87"
M2,120.4666092,138.1536401
M20,"2,952.98","3,386.54"
M21,"2,416.52","2,771.31"
M22,"3,681.59","4,222.13"
M23,"2,463.30","2,824.97"
M24,"2,573.72","2,951.60"
M25,"1,092.28","1,252.65"
M26,"2,975.69","3,412.59"
M27,"5,419.72","6,215.44"
M28,"2,649.81","3,038.86"
M29,"1,819.85","2,087.04"
M3,579.2622922,664.3101747
M30,"2,718.38","3,117.50"
M31,"1,416.07","1,623.98"
M32,"2,225.09","2,551.78"
M33,"5,579.92","6,399.17"
M34,"4,418.30","5,067.00"
M35,476.5470515,546.5141772
M38,826.6549306,948.0252534
M4,306.3640463,351.344729
M40,"1,151.35","1,320.39"
M41,"3,746.63","4,296.71"
M43,"1,152.02","1,321.16"
M44,"2,231.26","2,558.85"
M45,"1,267.42","1,453.51"
M46,"1,633.48","1,873.31"
M5,874.4409248,"1,002.83"
M50,203.1059556,232.9261799
M6,"1,401.31","1,607.05"
M7,986.716462,"1,131.59"
M8,843.5156808,967.3615162
M9,"1,220.78","1,400.02"
M90,23.35288464,26.78157906
ME1,"5,480.78","6,285.47"
ME10,"6,351.79","7,284.37"
ME11,674.6454326,773.6975654
ME12,"3,038.34","3,484.43"
ME13,"6,739.63","7,729.14"
ME14,"9,609.33","11,020.18"
ME15,"7,249.74","8,314.16"
ME16,"3,456.80","3,964.33"
ME17,"4,015.76","4,605.36"
ME18,"1,326.60","1,521.37"
ME19,"2,766.05","3,172.16"
ME2,"4,405.03","5,051.78"
ME20,"3,976.76","4,560.63"
ME3,"2,715.59","3,114.29"
ME4,"3,478.28","3,988.96"
ME5,"8,825.32","10,121.06"
ME6,"1,308.69","1,500.83"
ME7,"4,019.65","4,609.82"
ME8,"6,197.64","7,107.59"
ME9,"2,951.72","3,385.09"
MK1,242.028627,277.5635176
MK10,"3,944.74","4,523.91"
MK11,"2,186.40","2,507.41"
MK12,"1,028.04","1,178.97"
MK13,866.3671609,993.568074
MK14,"3,805.08","4,363.74"
MK15,"4,029.08","4,620.64"
MK16,"6,310.78","7,237.34"
MK17,"3,383.46","3,880.23"
MK18,"9,197.06","10,547.38"
MK19,923.8104222,"1,059.45"
MK2,"1,488.49","1,707.03"
MK3,"2,274.17","2,608.06"
MK4,"2,024.17","2,321.36"
MK40,"2,484.69","2,849.49"
MK41,"7,655.64","8,779.65"
MK42,"2,907.52","3,334.40"
MK43,"2,488.24","2,853.57"
MK44,"2,263.32","2,595.62"
MK45,"10,813.54","12,401.20"
MK46,453.1682175,519.7028389
MK5,855.9817464,981.6578623
MK6,"3,393.71","3,891.98"
MK7,"3,026.08","3,470.37"
MK8,798.9708847,916.2766076
MK9,425.3574989,487.8089222
ML1,"5,754.42","6,599.29"
ML10,"4,120.57","4,725.56"
ML11,"17,274.03","19,810.22"
ML12,"5,869.05","6,730.75"
ML2,"1,995.40","2,288.37"
ML3,"5,019.53","5,756.50"
ML4,"2,318.02","2,658.36"
ML5,"3,799.54","4,357.39"
ML6,"3,906.89","4,480.50"
ML7,739.8575773,848.4842238
ML8,"6,312.23","7,239.00"
ML9,"2,999.88","3,440.33"
N1,"5,910.76","6,778.58"
N10,"3,070.68","3,521.52"
N11,"1,872.66","2,147.60"
N12,"1,817.77","2,084.65"
N13,"1,140.36","1,307.79"
N14,"2,137.02","2,450.78"
N15,989.5855085,"1,134.88"
N16,"1,383.44","1,586.56"
N17,"1,591.30","1,824.94"
N18,910.783558,"1,044.51"
N19,"2,733.25","3,134.55"
N1C,65.55498391,75.17983372
N2,"2,545.84","2,919.62"
N20,"1,709.13","1,960.06"
N21,"1,528.76","1,753.21"
N22,"1,865.20","2,139.06"
N3,"2,283.31","2,618.54"
N4,"2,831.04","3,246.69"
N5,"1,240.45","1,422.57"
N6,"2,402.00","2,754.67"
N7,"3,684.93","4,225.95"
N8,"4,375.66","5,018.10"
N9,"1,741.84","1,997.58"
NE1,"1,927.72","2,210.74"
NE10,"6,676.11","7,656.30"
NE11,"1,821.25","2,088.65"
NE12,"3,114.00","3,571.20"
NE13,"2,559.00","2,934.71"
NE15,"3,000.80","3,441.38"
NE16,"3,367.06","3,861.42"
NE17,362.6003665,415.8377233
NE18,92.36806982,105.9296443
NE19,441.716092,506.5693006
NE2,"4,346.68","4,984.87"
NE20,"2,098.11","2,406.16"
NE21,"1,111.39","1,274.56"
NE22,"4,713.88","5,405.98"
NE23,"11,829.17","13,565.94"
NE24,"11,553.60","13,249.91"
NE25,"6,175.07","7,081.70"
NE26,"1,757.12","2,015.10"
NE27,"1,239.66","1,421.67"
NE28,"2,748.27","3,151.77"
NE29,"6,160.44","7,064.92"
NE3,"6,822.57","7,824.27"
NE30,"2,537.54","2,910.10"
NE31,"1,070.38","1,227.53"
NE32,"1,414.73","1,622.44"
NE33,"3,009.14","3,450.94"
NE34,"4,174.50","4,787.40"
NE35,344.4700655,395.045513
NE36,"1,034.38","1,186.25"
NE37,"3,914.92","4,489.71"
NE38,"2,834.31","3,250.45"
NE39,493.7034039,566.1894429
NE4,"4,306.08","4,938.30"
NE40,"1,186.61","1,360.83"
NE41,239.0158507,274.1084025
NE42,"1,384.82","1,588.14"
NE43,"1,982.73","2,273.83"
NE44,474.7203276,544.4192519
NE45,495.0125848,567.690839
NE46,"4,970.58","5,700.37"
NE47,"2,570.40","2,947.79"
NE48,644.3444441,738.9477548
NE49,"3,896.37","4,468.44"
NE5,"3,867.21","4,435.00"
NE6,"6,863.31","7,870.99"
NE61,"5,460.75","6,262.50"
NE62,"1,734.25","1,988.87"
NE63,"7,132.92","8,180.18"
NE64,951.7412522,"1,091.48"
NE65,"5,876.32","6,739.09"
NE66,"8,301.05","9,519.82"
NE67,407.8680845,467.751694
NE68,469.8867461,538.875999
NE69,157.9142738,181.0994091
NE7,"1,688.94","1,936.91"
NE70,415.3066322,476.2823769
NE71,"1,536.16","1,761.70"
NE8,"3,116.01","3,573.50"
NE9,"7,537.37","8,644.01"
NG1,"2,081.68","2,387.32"
NG10,"3,086.71","3,539.91"
NG11,"5,554.16","6,369.63"
NG12,"12,313.73","14,121.65"
NG13,"6,767.97","7,761.65"
NG14,"8,154.42","9,351.66"
NG15,"9,382.05","10,759.53"
NG16,"9,038.69","10,365.77"
NG17,"5,395.50","6,187.67"
NG18,"2,440.45","2,798.76"
NG19,"6,234.19","7,149.50"
NG2,"5,663.59","6,495.13"
NG20,"2,525.79","2,896.63"
NG21,"3,206.49","3,677.27"
NG22,"6,062.42","6,952.51"
NG23,"5,423.34","6,219.60"
NG24,"8,517.64","9,768.21"
NG25,"5,040.40","5,780.44"
NG3,"6,323.84","7,252.31"
NG31,"8,058.74","9,241.93"
NG32,"2,961.33","3,396.12"
NG33,"2,114.34","2,424.77"
NG34,"16,040.74","18,395.86"
NG4,"4,927.68","5,651.17"
NG5,"5,586.74","6,407.00"
NG6,"1,657.89","1,901.30"
NG7,"7,362.77","8,443.78"
NG8,"17,481.60","20,048.27"
NG9,"7,901.60","9,061.72"
NN1,"6,997.11","8,024.44"
NN10,"2,547.26","2,921.25"
NN11,"9,231.18","10,586.51"
NN12,"9,664.27","11,083.19"
NN13,"3,797.50","4,355.05"
NN14,"13,311.82","15,266.27"
NN15,"4,233.77","4,855.37"
NN16,"6,082.39","6,975.41"
NN17,"2,212.72","2,537.60"
NN18,"1,912.45","2,193.23"
NN2,"4,085.04","4,684.81"
NN29,"1,303.04","1,494.35"
NN3,"9,500.90","10,895.84"
NN4,"3,961.01","4,542.57"
NN5,"5,179.01","5,939.39"
NN6,"6,498.84","7,453.01"
NN7,"4,061.05","4,657.29"
NN8,"6,713.26","7,698.91"
NN9,"2,508.60","2,876.91"
NP10,"1,905.35","2,185.09"
NP11,"5,298.50","6,076.43"
NP12,"3,766.22","4,319.18"
NP13,"1,273.03","1,459.93"
NP15,"4,140.19","4,748.06"
NP16,"7,265.33","8,332.03"
NP18,"4,216.53","4,835.60"
NP19,"5,943.01","6,815.57"
NP20,"6,382.21","7,319.25"
NP22,"3,737.05","4,285.73"
NP23,"3,086.87","3,540.09"
NP24,480.3613277,550.8884694
NP25,"6,029.82","6,915.12"
NP26,"4,669.26","5,354.80"
NP4,"6,545.95","7,507.03"
NP44,"7,011.11","8,040.49"
NP7,"9,804.64","11,244.16"
NP8,"2,414.95","2,769.52"
NR1,"8,023.56","9,201.59"
NR10,"4,613.60","5,290.97"
NR11,"3,044.92","3,491.98"
NR12,"5,613.10","6,437.22"
NR13,"4,647.41","5,329.75"
NR14,"16,946.63","19,434.75"
NR15,"12,068.69","13,840.63"
NR16,"4,997.48","5,731.22"
NR17,"4,178.11","4,791.54"
NR18,"2,592.63","2,973.28"
NR19,"3,091.81","3,545.76"
NR2,"3,161.44","3,625.60"
NR20,"5,350.46","6,136.02"
NR21,"7,695.93","8,825.85"
NR22,427.0726818,489.77593
NR23,"1,588.90","1,822.18"
NR24,839.7305877,963.0206919
NR25,"2,185.24","2,506.08"
NR26,"2,058.44","2,360.66"
NR27,"2,825.62","3,240.48"
NR28,"2,508.63","2,876.95"
NR29,"2,844.84","3,262.52"
NR3,"4,678.35","5,365.23"
NR30,"3,948.46","4,528.18"
NR31,"2,791.99","3,201.91"
NR32,"4,400.52","5,046.61"
NR33,"13,172.80","15,106.85"
NR34,"7,891.22","9,049.81"
NR35,"5,038.06","5,777.75"
NR4,"3,158.02","3,621.68"
NR5,"4,857.12","5,570.24"
NR6,"2,913.54","3,341.31"
NR7,"5,767.82","6,614.66"
NR8,"6,593.46","7,561.52"
NR9,"3,303.51","3,788.53"
NW1,"5,426.58","6,223.32"
NW10,"4,041.36","4,634.72"
NW11,"2,449.20","2,808.80"
NW2,"3,587.69","4,114.44"
NW3,"6,442.89","7,388.85"
NW4,"2,784.07","3,192.82"
NW5,"2,605.91","2,988.52"
NW6,"3,633.04","4,166.45"
NW7,"1,464.83","1,679.90"
NW8,"2,696.63","3,092.55"
NW9,"2,041.92","2,341.72"
OL1,"2,037.09","2,336.18"
OL10,"1,346.14","1,543.78"
OL11,"4,062.29","4,658.72"
OL12,"3,641.14","4,175.73"
OL13,"1,314.33","1,507.30"
OL14,"4,262.23","4,888.01"
OL15,"2,195.31","2,517.62"
OL16,"2,538.23","2,910.90"
OL2,"4,887.64","5,605.25"
OL3,"1,591.25","1,824.88"
OL4,"2,490.60","2,856.27"
OL5,"1,348.48","1,546.47"
OL6,"3,581.63","4,107.49"
OL7,"2,217.70","2,543.31"
OL8,"1,704.34","1,954.58"
OL9,"2,566.69","2,943.54"
OX1,"6,914.29","7,929.45"
OX10,"13,218.06","15,158.75"
OX11,"9,689.32","11,111.91"
OX12,"7,960.07","9,128.78"
OX13,"2,654.36","3,044.07"
OX14,"10,994.07","12,608.23"
OX15,"10,362.61","11,884.06"
OX16,"12,944.76","14,845.32"
OX17,"8,934.94","10,246.77"
OX18,"6,503.70","7,458.58"
OX2,"6,440.66","7,386.28"
OX20,578.321351,663.2310836
OX25,"5,598.64","6,420.63"
OX26,"8,091.69","9,279.73"
OX27,"3,042.94","3,489.70"
OX28,"4,687.39","5,375.60"
LE87,0,0
LE95,0,0
LS98,0,0
LS99,0,0
M60,0,0
M61,0,0
M99,0,0
MK77,0,0
N81,0,0
NE85,0,0
NE92,0,0
NE98,0,0
NE99,0,0
NG80,0,0
NG90,0,0
NR99,0,0
OX29,"5,293.74","6,070.97"
OX3,"8,106.73","9,296.97"
OX33,"2,364.89","2,712.11"
OX39,"3,638.92","4,173.19"
OX4,"3,864.49","4,431.88"
OX44,"1,294.99","1,485.12"
OX49,"1,035.55","1,187.59"
OX5,"1,598.34","1,833.01"
OX7,"12,377.88","14,195.21"
OX9,"3,494.43","4,007.49"
PA1,"3,725.40","4,272.37"
PA10,"1,035.57","1,187.61"
PA11,602.2468142,690.6693077
PA12,352.4384077,404.1837754
PA13,473.4634833,542.9778764
PA14,"1,541.95","1,768.34"
PA15,"1,859.02","2,131.97"
PA16,"2,599.42","2,981.06"
PA17,425.1566095,487.5785379
PA18,262.3011052,300.8124219
PA19,"1,107.03","1,269.57"
PA2,"5,560.88","6,377.33"
PA20,"2,088.71","2,395.37"
PA21,184.5210606,211.6126316
PA22,64.79784997,74.31153661
PA23,"2,283.94","2,619.27"
PA24,94.54224629,108.4230356
PA25,16.74859483,19.20764066
PA26,25.54013819,29.28996742
PA27,150.1230676,172.16429
PA28,"4,389.48","5,033.94"
PA29,624.5751543,716.2759176
PA3,"3,813.63","4,373.55"
PA30,261.8498576,300.2949217
PA31,"1,105.34","1,267.63"
PA32,255.1198264,292.5767804
PA33,161.3411302,185.0294
PA34,"2,275.95","2,610.11"
PA35,301.6108599,345.8936749
PA36,9.599033543,11.00837347
PA37,518.6329569,594.7791783
PA38,187.1020762,214.5725944
PA4,"1,438.90","1,650.16"
PA41,100.0368191,114.7243272
PA42,445.7950934,511.2471852
PA43,315.059711,361.3171002
PA44,119.3626131,136.8875541
PA45,47.1643858,54.08910919
PA46,73.9156454,84.76801609
PA47,97.68988421,112.032813
PA48,142.9832403,163.976186
PA49,83.83311261,96.14157599
PA5,"2,171.47","2,490.28"
PA6,563.9328342,646.7300299
PA60,112.4681692,128.9808608
PA61,87.52984921,100.3810712
PA62,9.589018184,10.99688765
PA63,3.319275525,3.806614954
PA64,22.1285035,25.37743303
PA65,48.41973112,55.52876558
PA66,38.87748263,44.58551441
PA67,75.4899838,86.57350047
PA68,4.798892675,5.503471008
PA69,7.517571253,8.621308757
PA7,200.5315259,229.9737697
PA70,21.0948023,24.19196276
PA71,10.9380723,12.54401126
PA72,78.43040811,89.94564088
PA73,17.23251488,19.76261034
PA74,9.737510775,11.16718207
PA75,295.8851383,339.3272971
PA76,36.08987585,41.38862835
PA77,"1,394.41","1,599.13"
PA78,143.7243131,164.8260639
PA8,452.9937314,519.5027346
PA80,73.56331781,84.3639594
PA9,398.1811442,456.6425072
PE1,"10,432.25","11,963.93"
PE10,"3,755.11","4,306.44"
PE11,"6,074.28","6,966.11"
PE12,"3,914.92","4,489.71"
PE13,"2,839.48","3,256.37"
PE14,"2,816.98","3,230.57"
PE15,"4,301.33","4,932.86"
PE16,980.1974346,"1,124.11"
PE19,"7,196.91","8,253.57"
PE2,"5,821.49","6,676.20"
PE20,"3,860.60","4,427.42"
PE21,"5,023.87","5,761.48"
PE22,"2,173.61","2,492.74"
PE23,"2,916.29","3,344.47"
PE24,"1,226.04","1,406.05"
PE25,584.3473033,670.1417723
PE26,"1,024.47","1,174.88"
PE27,"3,195.00","3,664.09"
PE28,"7,358.83","8,439.26"
PE29,"10,645.60","12,208.60"
PE3,"4,641.11","5,322.52"
PE30,"10,645.36","12,208.32"
PE31,"5,423.94","6,220.29"
PE32,"2,948.67","3,381.60"
PE33,"1,997.10","2,290.32"
PE34,"3,703.70","4,247.48"
PE35,27.21152758,31.20675191
PE36,862.3738672,988.9884808
PE37,"2,522.62","2,893.00"
PE38,"1,787.94","2,050.44"
PE4,"3,168.66","3,633.88"
PE5,224.486374,257.4456931
PE6,"6,264.97","7,184.80"
PE7,"5,250.08","6,020.91"
PE8,"6,324.58","7,253.16"
PE9,"4,978.45","5,709.39"
PH1,"6,912.49","7,927.39"
PH10,"1,661.32","1,905.23"
PH11,536.5630676,615.3418062
PH12,407.3418726,467.1482232
PH13,616.7882688,707.3457535
PH14,327.5091833,375.5944167
PH15,"1,360.68","1,560.46"
PH16,"1,928.87","2,212.06"
PH17,102.0135066,116.991234
PH18,372.4836815,427.1721168
PH19,37.98077057,43.55714617
PH2,"8,485.19","9,730.99"
PH20,548.0106519,628.4701365
PH21,782.3497361,897.2151249
PH22,"1,338.39","1,534.89"
PH23,337.2298846,386.7423213
PH24,429.5195966,492.5821033
PH25,494.4164852,567.0072195
PH26,"1,696.24","1,945.29"
PH3,"2,681.19","3,074.84"
PH30,4.123760052,4.729214723
PH31,85.05667565,97.5447838
PH32,130.9381841,150.1626623
PH33,"1,756.74","2,014.67"
PH34,172.5074452,197.8351649
PH35,67.28181958,77.16020518
PH36,257.0792792,294.823922
PH37,25.69419725,29.46664558
PH38,38.0654774,43.65428975
PH39,74.3410862,85.25592055
PH4,350.2100791,401.6282813
PH40,47.30148588,54.24633844
PH41,152.0999744,174.4314483
PH42,15.54340327,17.82550165
PH43,10.5019701,12.0438801
PH44,9.990178189,11.45694637
PH49,182.8746435,209.7244858
PH5,175.0338209,200.7324656
PH50,167.0289228,191.5522802
PH6,562.4805081,645.0644718
PH7,"1,874.28","2,149.46"
PH8,401.5898153,460.5516429
PH9,395.7075408,453.8057269
PL1,"3,545.99","4,066.62"
PL10,"1,062.82","1,218.87"
PL11,"2,552.15","2,926.86"
PL12,"4,995.60","5,729.06"
PL13,"1,200.94","1,377.26"
PL14,"8,319.27","9,540.72"
PL15,"8,154.08","9,351.27"
PL16,957.2512679,"1,097.80"
PL17,"5,037.67","5,777.30"
PL18,"2,070.43","2,374.41"
PL19,"7,998.24","9,172.54"
PL2,"3,383.51","3,880.28"
PL20,"3,032.84","3,478.12"
PL21,"8,749.49","10,034.10"
PL22,"1,487.18","1,705.53"
PL23,"1,533.24","1,758.35"
PL24,"2,773.28","3,180.46"
PL25,"4,926.81","5,650.17"
PL26,"7,651.88","8,775.33"
PL27,"4,516.73","5,179.88"
PL28,"1,043.20","1,196.37"
PL29,637.2713299,730.8361586
PL3,"2,839.05","3,255.88"
PL30,"3,531.54","4,050.05"
PL31,"4,247.26","4,870.85"
PL32,833.6417697,956.0379074
PL33,731.346319,838.7233339
PL34,626.0331096,717.9479314
PL35,198.5287164,227.6769057
PL4,"2,224.98","2,551.65"
PL5,"2,895.78","3,320.95"
PL6,"9,591.87","11,000.16"
PL7,"3,494.17","4,007.19"
PL8,"4,384.89","5,028.69"
PL9,"4,854.67","5,567.43"
PO1,"2,657.54","3,047.72"
PO10,"6,654.67","7,631.71"
PO11,"1,584.34","1,816.96"
PO12,"7,141.83","8,190.40"
PO13,"5,034.00","5,773.10"
PO14,"6,968.48","7,991.60"
PO15,"10,020.82","11,492.09"
PO16,"2,986.29","3,424.74"
PO17,"3,383.98","3,880.82"
PO18,"4,118.81","4,723.54"
PO19,"3,509.79","4,025.10"
PO2,"5,402.88","6,196.13"
PO20,"8,797.76","10,089.46"
PO21,"7,869.99","9,025.46"
PO22,"3,677.63","4,217.59"
PO3,"3,708.62","4,253.12"
PO30,"12,297.64","14,103.19"
PO31,"1,609.98","1,846.36"
PO32,"1,248.46","1,431.76"
PO33,"3,533.98","4,052.84"
PO34,518.2367984,594.3248554
PO35,"2,553.21","2,928.07"
PO36,"1,326.19","1,520.91"
PO37,580.0878707,665.2569655
PO38,"5,689.81","6,525.20"
PO39,"1,309.09","1,501.29"
PO4,"1,911.38","2,192.01"
PO40,"3,380.76","3,877.13"
PO41,"3,590.45","4,117.60"
PO5,"1,803.57","2,068.38"
PO6,"3,148.33","3,610.57"
PO7,"5,838.64","6,695.88"
PO8,"6,019.17","6,902.91"
PO9,"7,554.99","8,664.22"
PR1,"12,385.03","14,203.41"
PR2,"8,227.80","9,435.81"
PR25,"1,646.60","1,888.36"
PR26,"2,543.58","2,917.03"
PR3,"20,837.10","23,896.43"
PR4,"14,721.59","16,883.03"
PR5,"5,579.96","6,399.21"
PR6,"1,948.21","2,234.25"
PR7,"3,474.10","3,984.17"
PR8,"6,883.44","7,894.08"
PR9,"7,248.10","8,312.27"
RG1,"3,903.41","4,476.51"
RG10,"8,284.54","9,500.89"
RG12,"5,755.82","6,600.90"
RG14,"12,949.99","14,851.32"
RG17,"3,307.31","3,792.89"
RG18,"8,260.84","9,473.70"
RG19,"8,551.47","9,807.01"
RG2,"5,154.89","5,911.74"
RG20,"10,190.87","11,687.10"
RG21,"2,381.37","2,731.00"
RG22,"4,644.40","5,326.30"
RG23,"1,184.74","1,358.68"
RG24,"2,499.17","2,866.10"
RG25,"3,163.22","3,627.65"
RG26,"3,919.72","4,495.21"
RG27,"4,774.32","5,475.29"
RG28,"1,006.74","1,154.55"
RG29,"1,174.93","1,347.44"
RG30,"3,954.79","4,535.43"
RG31,"2,034.28","2,332.95"
RG4,"3,958.30","4,539.47"
RG40,"10,290.81","11,801.72"
RG41,"6,128.46","7,028.25"
RG42,"3,662.10","4,199.77"
RG45,"2,399.24","2,751.50"
RG5,"3,411.58","3,912.47"
RG6,"3,299.85","3,784.33"
RG7,"10,663.70","12,229.36"
RG8,"4,246.42","4,869.88"
RG9,"10,724.77","12,299.39"
RH1,"11,965.63","13,722.43"
RH10,"6,485.05","7,437.19"
RH11,"6,816.92","7,817.79"
RH12,"13,471.12","15,448.96"
RH13,"9,975.84","11,440.50"
RH14,"6,621.49","7,593.66"
RH15,"5,536.85","6,349.77"
RH16,"4,953.18","5,680.41"
RH17,"2,605.04","2,987.51"
RH18,541.172627,620.6281459
RH19,"5,727.57","6,568.49"
RH2,"6,346.11","7,277.85"
RH20,"7,823.78","8,972.48"
RH3,828.7973238,950.482195
RH4,"1,591.81","1,825.52"
RH5,"7,578.52","8,691.21"
RH6,"5,007.83","5,743.08"
RH7,"3,035.22","3,480.86"
RH8,"2,353.81","2,699.39"
RH9,"1,175.33","1,347.89"
RM1,"1,449.45","1,662.25"
RM10,"1,782.77","2,044.52"
RM11,"2,216.75","2,542.22"
RM12,"2,666.74","3,058.28"
RM13,"1,641.94","1,883.01"
RM14,"7,567.76","8,678.87"
RM15,"1,610.32","1,846.75"
RM16,"2,397.98","2,750.05"
RM17,"2,359.46","2,705.88"
RM18,804.8865305,923.0607945
RM19,181.6896757,208.3655399
RM2,788.5230366,904.2947957
RM20,300.023888,344.0737022
RM3,"7,014.08","8,043.90"
RM4,539.4732095,618.6792181
RM5,743.9748631,853.2060138
RM6,"1,784.30","2,046.27"
RM7,"2,764.44","3,170.32"
RM8,"1,774.18","2,034.67"
RM9,"1,026.28","1,176.96"
S1,714.3359721,819.2155105
S10,"4,691.29","5,380.07"
S11,"4,281.39","4,909.99"
S12,"4,211.19","4,829.48"
S13,"2,004.79","2,299.13"
S14,725.342323,831.8378251
S17,"1,764.35","2,023.39"
S18,"5,920.52","6,789.77"
S2,"2,639.50","3,027.03"
S20,"3,559.77","4,082.42"
S21,"2,445.46","2,804.51"
S25,"3,157.53","3,621.12"
S26,"2,528.59","2,899.84"
S3,"1,527.91","1,752.24"
S32,"2,944.36","3,376.66"
S33,"1,429.93","1,639.87"
S35,"3,759.73","4,311.74"
S36,"8,681.59","9,956.23"
S4,"1,082.60","1,241.55"
S40,"4,374.44","5,016.70"
S41,"7,013.14","8,042.82"
S42,"2,670.28","3,062.34"
S43,"6,825.41","7,827.52"
S44,"2,812.03","3,224.90"
S45,"1,535.59","1,761.04"
S5,"2,842.39","3,259.71"
S6,"6,871.52","7,880.40"
S60,"1,359.09","1,558.64"
S61,"1,464.94","1,680.02"
S62,"2,095.96","2,403.69"
S63,"6,195.71","7,105.37"
S64,"1,393.48","1,598.08"
S65,"1,003.63","1,150.99"
S66,"2,235.65","2,563.89"
S7,"2,566.80","2,943.66"
S70,"4,145.29","4,753.91"
S71,"4,812.92","5,519.56"
S72,"1,628.67","1,867.79"
S73,"1,156.15","1,325.89"
S74,"1,607.91","1,843.98"
S75,"3,906.97","4,480.59"
S8,"5,877.15","6,740.04"
S80,"4,742.80","5,439.14"
S81,"4,780.91","5,482.85"
S9,"2,516.11","2,885.53"
SA1,"11,389.82","13,062.08"
SA10,"5,172.96","5,932.46"
SA11,"8,799.90","10,091.91"
SA12,"6,717.59","7,703.87"
SA13,"3,179.74","3,646.59"
SA14,"3,287.97","3,770.71"
SA15,"7,273.99","8,341.97"
SA16,"2,224.19","2,550.75"
SA17,"4,357.82","4,997.64"
SA18,"5,713.37","6,552.21"
SA19,"7,098.37","8,140.56"
SA2,"10,693.13","12,263.10"
SA20,"1,031.57","1,183.03"
SA3,"7,825.78","8,974.77"
SA31,"6,054.16","6,943.03"
SA32,"2,077.01","2,381.95"
SA33,"9,529.77","10,928.94"
SA34,"5,079.01","5,824.71"
SA35,251.1668975,288.0434784
SA36,126.7859227,145.4007616
SA37,474.8185904,544.5319417
SA38,"1,544.81","1,771.62"
SA39,"1,745.33","2,001.58"
SA4,"4,664.17","5,348.96"
SA40,"2,051.87","2,353.13"
SA41,751.0325999,861.2999747
SA42,700.574831,803.4339445
SA43,"5,317.05","6,097.71"
SA44,"6,003.18","6,884.57"
SA45,824.5609349,945.6238152
SA46,"2,398.38","2,750.51"
SA47,491.8144828,564.0231884
SA48,"6,607.24","7,577.32"
SA5,"3,041.11","3,487.61"
SA6,"6,320.51","7,248.50"
SA61,"9,428.11","10,812.35"
SA62,"14,914.74","17,104.53"
SA63,"1,981.13","2,272.01"
SA64,893.047543,"1,024.17"
SA65,"1,236.32","1,417.84"
SA66,"3,298.30","3,782.56"
SA67,"5,788.13","6,637.95"
SA68,"1,012.09","1,160.69"
SA69,734.476538,842.3131349
SA7,"1,828.04","2,096.43"
SA70,"1,550.44","1,778.07"
SA71,"1,102.50","1,264.37"
SA72,975.8982206,"1,119.18"
SA73,"3,404.52","3,904.37"
SA8,"4,497.67","5,158.02"
SA9,"2,663.35","3,054.39"
SE1,"1,480.69","1,698.08"
SE10,"1,800.66","2,065.03"
SE11,824.0565724,945.0454016
SE12,"1,209.14","1,386.67"
SE13,"1,226.23","1,406.27"
SE14,809.5557466,928.4155497
SE15,"1,276.42","1,463.83"
SE16,"1,040.98","1,193.81"
SE17,495.559426,568.317968
SE18,"3,704.94","4,248.90"
SE19,780.8146869,895.4546982
SE2,"1,459.16","1,673.40"
SE20,679.7611948,779.564429
SE21,721.0923497,826.9638664
SE22,"1,492.57","1,711.71"
SE23,"1,689.69","1,937.77"
SE24,619.133004,710.0347452
SE25,"1,220.61","1,399.82"
SE26,"1,227.74","1,408.00"
SE27,847.1882232,971.573265
SE28,"1,039.48","1,192.10"
SE3,"1,703.90","1,954.06"
SE4,"1,086.19","1,245.66"
SE5,619.5548553,710.5185332
SE6,"1,982.04","2,273.05"
SE7,"3,609.91","4,139.92"
SE8,991.8936377,"1,137.52"
SE9,"3,690.76","4,232.64"
SG1,"7,060.89","8,097.57"
SG10,306.6499196,351.6725746
SG11,"1,161.70","1,332.26"
SG12,"14,875.72","17,059.79"
SG13,"4,602.06","5,277.74"
SG14,"6,237.99","7,153.85"
SG15,534.1500222,612.574475
SG16,762.45553,874.4000311
SG17,"1,539.72","1,765.78"
SG18,"5,849.16","6,707.94"
SG19,"9,333.01","10,703.29"
SG2,"4,294.63","4,925.18"
SG3,"1,856.70","2,129.31"
SG4,"2,092.46","2,399.68"
SG5,"10,178.76","11,673.22"
SG6,"2,743.90","3,146.76"
SG7,"1,851.23","2,123.03"
SG8,"8,276.20","9,491.32"
SG9,"4,008.69","4,597.25"
SK1,"1,267.36","1,453.43"
SK10,"12,387.64","14,206.41"
SK11,"8,156.47","9,354.01"
SK12,"6,049.64","6,937.85"
SK13,"3,504.90","4,019.50"
SK14,"2,505.22","2,873.04"
SK15,"1,180.51","1,353.83"
SK16,"1,229.92","1,410.50"
SK17,"7,644.15","8,766.47"
SK2,"1,741.06","1,996.68"
SK22,"3,302.23","3,787.06"
SK23,"5,237.17","6,006.10"
SK3,"5,110.91","5,861.30"
SK4,"3,845.65","4,410.27"
SK5,"3,245.14","3,721.59"
SK6,"4,545.27","5,212.61"
SK7,"4,542.29","5,209.19"
SK8,"14,417.81","16,534.65"
SK9,"12,069.97","13,842.09"
SL0,733.0018302,840.621909
SL1,"7,898.49","9,058.16"
SL2,"5,936.35","6,807.93"
SL3,"2,717.87","3,116.91"
SL4,"8,430.07","9,667.78"
SL5,"4,236.59","4,858.61"
SL6,"14,184.01","16,266.52"
SL7,"11,803.32","13,536.29"
SL8,571.0107872,654.8471752
SL9,"4,499.82","5,160.49"
SM1,"3,393.77","3,892.05"
SM2,"3,398.61","3,897.59"
SM3,"2,733.93","3,135.33"
SM4,"2,777.05","3,184.77"
SM5,"2,339.08","2,682.51"
SM6,"1,593.15","1,827.05"
SM7,"2,587.21","2,967.06"
SN1,"11,660.84","13,372.90"
SN10,"3,770.66","4,324.27"
SN11,"5,245.88","6,016.09"
PL95,0,0
PR11,0,0
RH77,0,0
S49,0,0
S95,0,0
S96,0,0
S97,0,0
S98,0,0
S99,0,0
SA80,0,0
SA99,0,0
SE1P,0,0
SL95,0,0
SN12,"6,582.00","7,548.38"
SN13,"7,093.82","8,135.34"
SN14,"6,917.70","7,933.36"
SN15,"19,911.21","22,834.60"
SN16,"8,634.28","9,901.97"
SN2,"9,128.91","10,469.23"
SN25,"4,029.84","4,621.51"
SN26,218.9557411,251.1030471
SN3,"15,861.03","18,189.77"
SN4,"13,923.92","15,968.24"
SN5,"5,494.24","6,300.91"
SN6,"6,599.93","7,568.93"
SN7,"4,096.56","4,698.02"
SN8,"15,396.81","17,657.38"
SN9,970.7087413,"1,113.23"
SO14,"1,599.46","1,834.29"
SO15,"3,587.02","4,113.67"
SO16,"6,257.47","7,176.20"
SO17,"1,235.53","1,416.94"
SO18,"3,282.01","3,763.88"
SO19,"3,547.88","4,068.79"
SO20,"1,400.89","1,606.57"
SO21,"12,147.59","13,931.11"
SO22,"4,111.78","4,715.48"
SO23,"5,843.49","6,701.44"
SO24,"2,996.61","3,436.57"
SO30,"5,369.13","6,157.43"
SO31,"9,594.00","11,002.60"
SO32,"6,697.51","7,680.85"
SO40,"5,099.88","5,848.65"
SO41,"5,171.48","5,930.76"
SO42,892.9609829,"1,024.07"
SO43,805.6287677,923.9120077
SO45,"7,896.67","9,056.07"
SO50,"10,286.16","11,796.38"
SO51,"4,369.57","5,011.11"
SO52,871.5231806,999.4811058
SO53,"6,751.36","7,742.61"
SP1,"9,020.52","10,344.92"
SP10,"6,667.39","7,646.30"
SP11,"4,625.11","5,304.17"
SP2,"7,258.09","8,323.73"
SP3,"4,244.38","4,867.54"
SP4,"9,740.89","11,171.06"
SP5,"5,476.88","6,281.01"
SP6,"8,975.72","10,293.55"
SP7,"6,350.15","7,282.48"
SP8,"8,003.65","9,178.75"
SP9,"4,111.92","4,715.64"
SR1,289.4940249,331.9978339
SR2,819.8888664,940.2657887
SR3,"1,275.53","1,462.80"
SR4,"2,631.57","3,017.94"
SR5,"4,308.29","4,940.83"
SR6,"3,319.72","3,807.13"
SR7,"1,703.90","1,954.07"
SR8,"1,427.96","1,637.62"
SS0,"5,415.06","6,210.11"
SS1,"2,906.51","3,333.25"
SS11,"1,632.26","1,871.91"
SS12,824.9320578,946.0494267
SS13,"1,844.11","2,114.86"
SS14,"3,669.99","4,208.82"
SS15,"3,317.01","3,804.02"
SS16,"5,922.45","6,791.98"
SS17,"2,147.01","2,462.24"
SS2,"4,447.51","5,100.50"
SS3,"2,606.26","2,988.91"
SS4,"1,812.81","2,078.97"
SS5,"2,928.23","3,358.16"
SS6,"3,418.00","3,919.83"
SS7,"5,434.79","6,232.73"
SS8,"3,542.60","4,062.72"
SS9,"6,801.16","7,799.72"
ST1,"2,993.80","3,433.36"
ST10,"8,200.85","9,404.91"
ST11,"3,172.36","3,638.13"
ST12,841.9904816,965.6123857
ST13,"8,013.28","9,189.80"
ST14,"7,662.62","8,787.66"
ST15,"10,744.36","12,321.86"
ST16,"4,097.62","4,699.23"
ST17,"6,515.44","7,472.04"
ST18,"3,146.58","3,608.57"
ST19,"6,714.50","7,700.33"
ST2,"6,401.80","7,341.72"
ST20,"2,038.16","2,337.41"
ST21,"5,065.41","5,809.12"
ST3,"7,778.49","8,920.54"
ST4,"3,726.58","4,273.72"
ST5,"7,821.25","8,969.57"
ST6,"4,872.31","5,587.67"
ST7,"10,638.71","12,200.70"
ST8,"4,714.79","5,407.02"
ST9,"1,890.97","2,168.61"
SW10,962.5342757,"1,103.85"
SW11,"4,749.07","5,446.33"
SW12,"1,812.02","2,078.06"
SW13,"2,019.65","2,316.18"
SW14,"3,197.36","3,666.80"
SW15,"3,454.81","3,962.05"
SW16,"3,912.51","4,486.94"
SW17,"3,426.80","3,929.92"
SW18,"2,343.44","2,687.51"
SW19,"10,272.01","11,780.16"
SW1A,88.07686345,101.0083987
SW1E,207.1125135,237.5209847
SW1H,174.2648165,199.8505551
SW1P,"1,967.54","2,256.42"
SW1V,"3,562.08","4,085.07"
SW1W,"1,274.59","1,461.72"
SW1X,731.9996839,839.4726265
SW1Y,114.3267127,131.1122777
SW2,"2,656.25","3,046.24"
SW20,"2,919.11","3,347.70"
SW3,"1,915.66","2,196.92"
SW4,"2,686.10","3,080.47"
SW5,697.408145,799.8023225
SW6,"5,106.69","5,856.46"
SW7,"1,045.18","1,198.63"
SW8,"3,011.78","3,453.97"
SW9,956.9659638,"1,097.47"
SY1,"4,016.98","4,606.76"
SY10,"4,765.87","5,465.60"
SY11,"8,301.31","9,520.12"
SY12,"6,666.41","7,645.18"
SY13,"11,139.48","12,774.99"
SY14,"5,109.75","5,859.97"
SY15,"3,917.57","4,492.75"
SY16,"5,078.14","5,823.72"
SY17,"1,800.44","2,064.79"
SY18,"3,034.09","3,479.56"
SY19,"1,223.03","1,402.59"
SY2,"3,527.18","4,045.04"
SY20,"4,466.64","5,122.44"
SY21,"7,819.25","8,967.27"
SY22,"4,175.23","4,788.24"
SY23,"10,730.45","12,305.91"
SY24,478.3904886,548.6282696
SY25,"3,315.48","3,802.26"
SY3,"8,411.10","9,646.02"
SY4,"7,117.61","8,162.63"
SY5,"7,051.51","8,086.82"
SY6,"2,822.84","3,237.29"
SY7,"3,997.78","4,584.74"
SY8,"10,259.05","11,765.29"
SY9,"1,339.12","1,535.73"
TA1,"12,831.13","14,715.01"
TA10,"2,419.77","2,775.04"
TA11,"1,848.86","2,120.31"
TA12,"4,232.33","4,853.72"
TA13,"1,185.85","1,359.96"
TA14,"2,076.36","2,381.21"
TA15,461.4621446,529.2144888
TA16,532.6107221,610.8091734
TA17,211.5116122,242.5659635
TA18,"3,367.23","3,861.60"
TA19,"4,982.71","5,714.27"
TA2,"5,801.77","6,653.59"
TA20,"6,129.26","7,029.17"
TA21,"9,284.23","10,647.35"
TA22,"1,379.67","1,582.24"
TA23,"1,456.24","1,670.05"
TA24,"6,084.95","6,978.35"
TA3,"6,341.90","7,273.03"
TA4,"6,770.70","7,764.78"
TA5,"4,405.53","5,052.36"
TA6,"11,868.76","13,611.35"
TA7,"10,555.77","12,105.58"
TA8,"5,706.88","6,544.77"
TA9,"3,462.38","3,970.73"
TD1,"4,203.53","4,820.70"
TD10,674.238976,773.2314324
TD11,"5,999.79","6,880.69"
TD12,"3,847.24","4,412.10"
TD13,290.5602677,333.2206235
TD14,"2,117.21","2,428.06"
TD15,"6,788.62","7,785.33"
TD2,557.8438759,639.7470846
TD3,"1,211.01","1,388.81"
TD4,315.9001881,362.2809769
TD5,"5,291.85","6,068.81"
TD6,"2,521.76","2,892.00"
TD7,"1,482.01","1,699.60"
TD8,920.4044448,"1,055.54"
TD9,"4,754.13","5,452.14"
TF1,"8,266.92","9,480.68"
TF10,"6,862.55","7,870.12"
TF11,"5,320.11","6,101.21"
TF12,"2,209.82","2,534.27"
TF13,"1,814.75","2,081.19"
TF2,"8,289.53","9,506.61"
TF3,"2,654.72","3,044.49"
TF4,"2,390.23","2,741.17"
TF5,457.5842608,524.7672502
TF6,"1,180.22","1,353.51"
TF7,"1,247.38","1,430.52"
TF8,733.2212165,840.8735058
TF9,"12,107.15","13,884.74"
TN1,"1,672.63","1,918.21"
TN10,471.7158505,540.9736543
TN11,"1,424.10","1,633.19"
TN12,"15,405.71","17,667.60"
TN13,"5,565.33","6,382.43"
TN14,"5,215.28","5,980.99"
TN15,"6,871.82","7,880.75"
TN16,"4,824.18","5,532.47"
TN17,"7,996.45","9,170.50"
TN18,"1,807.36","2,072.72"
TN19,"1,857.49","2,130.21"
TN2,"4,283.91","4,912.87"
TN20,625.9147084,717.8121464
TN21,"6,225.43","7,139.45"
TN22,"7,843.44","8,995.02"
TN23,"6,437.30","7,382.44"
TN24,"4,287.90","4,917.46"
TN25,"3,703.23","4,246.95"
TN26,"1,833.76","2,102.99"
TN27,"5,442.37","6,241.43"
TN28,"2,391.28","2,742.37"
TN29,"3,851.24","4,416.69"
TN3,"1,226.20","1,406.23"
TN30,"4,137.57","4,745.05"
TN31,"4,207.19","4,824.89"
TN32,"2,422.54","2,778.21"
TN33,"5,026.91","5,764.96"
TN34,"2,508.25","2,876.51"
TN35,"1,621.23","1,859.26"
TN36,421.5591239,483.4528659
TN37,"2,054.76","2,356.44"
TN38,"2,617.09","3,001.34"
TN39,"4,724.81","5,418.51"
TN4,"4,170.93","4,783.31"
TN40,"2,947.76","3,380.55"
TN5,"1,655.17","1,898.19"
TN6,"3,699.57","4,242.75"
TN7,296.1846378,339.6707694
TN8,"2,373.24","2,721.69"
TN9,"1,804.90","2,069.90"
TQ1,"4,585.88","5,259.19"
TQ10,"1,350.45","1,548.72"
TQ11,"1,074.05","1,231.75"
TQ12,"13,879.08","15,916.82"
TQ13,"8,456.53","9,698.12"
TQ14,"3,781.12","4,336.27"
TQ2,"10,287.61","11,798.04"
TQ3,"6,834.33","7,837.76"
TQ4,"3,899.60","4,472.14"
TQ5,"5,700.52","6,537.47"
TQ6,"1,922.95","2,205.28"
TQ7,"6,790.93","7,787.98"
TQ8,"1,271.50","1,458.18"
TQ9,"10,339.91","11,858.03"
TR1,"10,309.16","11,822.76"
TR10,"1,879.90","2,155.91"
TR11,"8,269.62","9,483.78"
TR12,"1,851.30","2,123.11"
TR13,"5,916.23","6,784.86"
TR14,"8,263.74","9,477.04"
TR15,"5,316.88","6,097.51"
TR16,"3,943.79","4,522.82"
TR17,340.0423186,389.9676798
TR18,"3,398.76","3,897.77"
TR19,"2,177.19","2,496.85"
TR2,"5,492.71","6,299.15"
TR20,"2,157.75","2,474.55"
TR21,184.4476717,211.5284676
TR22,7.44139596,8.533949329
TR23,10.5697762,12.12164155
TR24,30.30757527,34.75736448
TR25,10.53304894,12.07952196
TR26,"4,815.51","5,522.53"
TR27,"6,356.74","7,290.04"
TR3,"2,991.51","3,430.73"
TR4,"3,748.27","4,298.59"
TR5,345.6530911,396.4022316
TR6,413.4701306,474.1762382
TR7,"6,509.10","7,464.78"
TR8,"4,266.53","4,892.94"
TR9,"5,710.40","6,548.81"
TS1,"3,507.04","4,021.95"
TS10,"4,239.47","4,861.91"
TS11,"2,314.96","2,654.84"
TS12,"3,567.40","4,091.16"
TS13,"1,028.66","1,179.69"
TS14,"3,047.86","3,495.35"
TS15,"2,981.13","3,418.82"
TS16,"2,003.53","2,297.69"
TS17,"8,458.43","9,700.30"
TS18,"2,568.27","2,945.35"
TS19,"2,609.10","2,992.17"
TS2,775.8044522,889.7088558
TS20,"2,474.37","2,837.65"
TS21,"1,892.99","2,170.92"
TS22,714.6931597,819.6251408
TS23,"5,149.33","5,905.36"
TS24,"1,675.62","1,921.63"
TS25,"3,983.08","4,567.88"
TS26,"2,533.13","2,905.05"
TS27,656.6818547,753.0965566
TS28,200.1179759,229.4995019
TS29,358.8935254,411.5866401
TS3,370.6005604,425.0125139
TS4,453.1008846,519.6256201
TS5,"3,323.24","3,811.16"
TS6,403.2371514,462.4408426
TS7,723.8197669,830.0917258
TS8,"1,305.07","1,496.68"
TS9,"4,571.80","5,243.04"
TW1,"2,933.12","3,363.76"
TW10,"2,980.51","3,418.11"
TW11,"3,926.66","4,503.18"
TW12,"3,775.84","4,330.21"
TW13,"3,649.61","4,185.45"
TW14,"1,882.10","2,158.43"
TW15,"3,607.69","4,137.38"
TW16,"3,774.67","4,328.87"
TW17,"3,100.86","3,556.13"
TW18,"5,300.30","6,078.49"
TW19,"1,831.92","2,100.89"
TW2,"2,937.91","3,369.25"
TW20,"6,331.82","7,261.47"
TW3,"1,672.37","1,917.91"
TW4,"1,109.72","1,272.65"
TW5,"1,078.35","1,236.67"
TW6,71.50938131,82.00846185
TW7,"2,791.89","3,201.80"
TW8,"1,141.17","1,308.71"
TW9,"4,966.45","5,695.63"
UB1,"1,576.42","1,807.87"
UB10,"3,022.27","3,466.00"
UB11,19.93040143,22.85660336
UB2,"1,525.89","1,749.93"
UB3,"3,830.88","4,393.33"
UB4,"2,013.34","2,308.94"
UB5,"3,056.62","3,505.39"
UB6,"2,643.85","3,032.02"
UB7,"2,014.87","2,310.70"
UB8,"2,277.23","2,611.58"
UB9,"2,936.40","3,367.53"
W10,"1,768.67","2,028.34"
W11,"2,694.19","3,089.75"
W12,"2,384.28","2,734.34"
W13,"2,169.00","2,487.46"
W14,"2,619.75","3,004.38"
W1A,1.227162017,1.4073352
W1B,98.5014783,112.9635661
W1C,41.41245965,47.49267935
W1D,149.5093248,171.4604369
W1F,163.0008059,186.932751
W1G,515.6390619,591.3457166
W1H,"1,065.32","1,221.73"
W1J,401.1032108,459.9935947
W1K,609.591462,699.0923042
W1S,152.7850017,175.217052
W1T,638.4101262,732.1421542
W1U,738.2733194,846.6673636
W1W,358.0811393,410.6549786
W2,"4,606.91","5,283.31"
W3,"2,073.34","2,377.75"
W4,"4,158.66","4,769.23"
W5,"2,321.65","2,662.51"
W6,"2,845.09","3,262.81"
W7,"2,085.54","2,391.75"
W8,"1,883.03","2,159.50"
W9,"1,952.86","2,239.58"
WA1,"1,974.86","2,264.81"
WA10,"1,885.26","2,162.05"
WA11,"3,703.54","4,247.29"
WA12,"2,004.40","2,298.69"
WA13,"1,864.87","2,138.68"
WA14,"2,638.73","3,026.15"
WA15,"3,435.82","3,940.27"
WA16,"5,132.64","5,886.22"
WA2,"2,664.90","3,056.16"
WA3,"6,827.80","7,830.26"
WA4,"9,527.42","10,926.24"
WA5,"8,669.73","9,942.62"
WA6,"7,101.96","8,144.68"
WA7,"10,208.09","11,706.85"
WA8,"7,555.96","8,665.34"
WA9,"13,027.93","14,940.70"
WC1A,38.40889491,44.04812817
WC1B,58.55713365,67.15455193
WC1E,75.10343737,86.1302009
WC1H,403.1459056,462.3362
WC1N,226.886032,260.1976714
WC1R,27.82206495,31.90692899
WC1V,9.823025716,11.2652524
WC1X,359.5470543,412.3361208
WC2A,13.00927386,14.91930876
WC2B,31.88866375,36.57058999
WC2E,42.04148039,48.21405356
WC2H,79.05157773,90.65801126
WC2N,54.10940345,62.05380144
WC2R,12.46575972,14.29599531
WD17,"4,928.30","5,651.88"
WD18,"2,057.00","2,359.01"
WD19,"3,872.05","4,440.55"
WD23,"4,237.14","4,859.25"
WD24,"2,669.93","3,061.94"
WD25,"2,668.31","3,060.07"
WD3,"5,839.77","6,697.17"
WD4,"1,605.18","1,840.86"
WD5,"1,836.56","2,106.21"
WD6,"2,676.91","3,069.93"
WD7,"3,021.30","3,464.89"
WF1,"6,137.25","7,038.32"
WF10,"7,843.88","8,995.53"
WF11,"1,499.66","1,719.85"
WF12,"10,001.91","11,470.41"
WF13,"2,982.44","3,420.33"
WF14,"1,527.65","1,751.94"
WF15,"1,299.77","1,490.61"
WF16,558.8456642,640.8959564
WF17,"3,194.94","3,664.02"
WF2,"11,993.92","13,754.88"
WF3,"3,916.79","4,491.85"
WF4,"3,354.85","3,847.41"
WF5,"2,319.99","2,660.62"
WF6,"1,377.09","1,579.27"
WF7,"2,913.35","3,341.09"
WF8,"4,751.81","5,449.48"
WF9,"6,173.02","7,079.35"
WN1,"2,120.96","2,432.36"
WN2,"6,355.55","7,288.68"
WN3,"2,169.88","2,488.47"
WN4,"4,068.12","4,665.40"
WN5,"4,392.88","5,037.85"
WN6,"4,103.53","4,706.02"
WN7,"6,711.70","7,697.12"
WN8,"4,293.20","4,923.53"
WR1,"1,529.69","1,754.28"
WR10,"5,634.24","6,461.46"
WR11,"9,438.07","10,823.78"
WR12,"2,513.90","2,882.99"
WR13,"1,780.67","2,042.11"
WR14,"6,983.48","8,008.81"
WR15,"6,885.74","7,896.71"
WR2,"7,022.08","8,053.07"
WR3,"3,026.08","3,470.37"
WR4,"4,421.61","5,070.79"
WR5,"5,537.08","6,350.04"
WR6,"3,807.00","4,365.95"
WR7,"1,682.79","1,929.86"
WR8,"3,462.75","3,971.15"
WR9,"10,329.59","11,846.19"
WS1,"1,790.39","2,053.26"
WS10,"1,852.47","2,124.45"
WS11,"5,415.05","6,210.09"
WS12,"2,691.47","3,086.63"
WS13,"8,484.34","9,730.02"
WS14,"6,493.85","7,447.28"
WS15,"8,725.38","10,006.45"
WS2,"2,912.97","3,340.66"
WS3,"7,445.15","8,538.25"
WS4,"1,512.44","1,734.50"
WS5,"1,228.87","1,409.29"
WS6,"1,264.15","1,449.75"
WS7,"5,794.87","6,645.68"
WS8,"3,501.40","4,015.48"
WS9,"4,182.79","4,796.91"
WV1,"2,775.63","3,183.15"
WV10,"3,894.02","4,465.75"
WV11,"2,474.39","2,837.68"
WV12,"3,122.55","3,581.01"
WV13,"1,375.20","1,577.11"
WV14,"2,529.19","2,900.53"
WV15,"2,771.83","3,178.79"
WV16,"6,282.23","7,204.59"
WV2,"3,200.02","3,669.85"
WV3,"4,421.27","5,070.40"
WV4,"3,879.11","4,448.65"
WV5,"2,826.44","3,241.42"
WV6,"7,760.84","8,900.29"
WV7,649.3937411,744.7383947
WV8,"2,722.92","3,122.70"
WV9,443.6949663,508.8387153
YO1,"2,351.44","2,696.68"
YO10,"5,696.52","6,532.89"
YO11,"2,245.54","2,575.24"
YO12,"5,168.20","5,927.00"
YO13,"1,967.58","2,256.47"
YO14,"2,596.45","2,977.67"
YO15,"3,702.97","4,246.65"
YO16,"3,716.87","4,262.58"
YO17,"5,327.97","6,110.23"
YO18,"7,199.47","8,256.51"
SN38,0,0
SN99,0,0
SO97,0,0
SR9,0,0
SS99,0,0
ST55,0,0
SW95,0,0
SY99,0,0
WA55,0,0
WA88,0,0
WD99,0,0
WF90,0,0
WR99,0,0
YO19,"6,194.36","7,103.82"
YO21,"5,201.40","5,965.07"
YO22,"1,971.31","2,260.74"
YO23,"3,584.23","4,110.47"
YO24,"6,682.08","7,663.15"
YO25,"10,112.60","11,597.34"
YO26,"9,220.54","10,574.30"
YO30,"5,660.64","6,491.74"
YO31,"4,337.81","4,974.69"
YO32,"5,595.20","6,416.70"
YO41,"3,196.74","3,666.08"
YO42,"5,424.34","6,220.75"
YO43,"6,086.83","6,980.51"
YO51,"1,777.57","2,038.56"
YO60,"3,934.39","4,512.05"
YO61,"12,043.33","13,811.55"
YO62,"7,248.41","8,312.63"
YO7,"4,770.97","5,471.45"
YO8,"5,115.47","5,866.53"
ZE1,"1,895.51","2,173.81"
ZE2,"4,586.34","5,259.71"
ZE3,105.0080493,120.4254386
YO90,0,0
